
INSERT INTO `glass_base_types` (`id`, `name`) VALUES
(1,'Unassigned'),
(2, 'Vessel/Lamp'),
(3, 'Bead'),
(4, 'Bangle'),
(5, 'Window Glass'),
(6, 'Tbd'),
(7, 'Unknown');

INSERT INTO `tag_types` (`str_id`, `name_major`, `name_minor`, `display_name`, `multiple`, `order_column`, `dependency`) VALUES 
('Glass:Color','Glass','Color','Color',1,204,NULL),
('Glass:Production','Glass','Production','Production',1,23,NULL),
('Glass:Vessel-Subtype','Glass','Vessel-Subtype','Vessel/Lamp Subtype',1,22,
    '[[{ "source": "Me", "field_name": "base_type_id", "id": "2", "param_name": "Vessel/Lamp"}]]'),
('Glass:Weathering','Glass','Weathering','Weathering',1,205,NULL),
('Glass:Weathering-Type','Glass','Weathering-Type','Weathering-Type',1,206,NULL);

INSERT INTO `tags` (`id`, `type`, `tag_type_id`, `order_column`, `name`, `slug`, `created_at`, `updated_at`) VALUES 
(201,'Glass:Color',NULL,1,'{"en": "Decolorized"}','{"en": "decolorized"}',NULL,NULL),
(202,'Glass:Color',NULL,2,'{"en": "Blue/Green"}','{"en": "blue-green"}',NULL,NULL),
(203,'Glass:Color',NULL,3,'{"en": "Cobalt Blue"}','{"en": "Cobalt Blue"}',NULL,NULL),
(204,'Glass:Color',NULL,4,'{"en": "Light Blue"}','{"en": "light-blue"}',NULL,NULL),
(205,'Glass:Color',NULL,5,'{"en": "Opaque Teal"}','{"en": "opaque-eal"}',NULL,NULL),
(206,'Glass:Color',NULL,6,'{"en": "Light Green"}','{"en": "light-reen"}',NULL,NULL),
(207,'Glass:Color',NULL,7,'{"en": "Dark Green"}','{"en": "dark-green"}',NULL,NULL),
(208,'Glass:Color',NULL,8,'{"en": "Greenish Yellow"}','{"en": "greenish-yellow"}',NULL,NULL),
(209,'Glass:Color',NULL,9,'{"en": "Yellow"}','{"en": "yellow"}',NULL,NULL),
(210,'Glass:Color',NULL,10,'{"en": "Pinkish-tan"}','{"en": "pinkish-tanl"}',NULL,NULL),
(211,'Glass:Color',NULL,11,'{"en": "Brown"}','{"en": "brown"}',NULL,NULL),
(212,'Glass:Color',NULL,12,'{"en": "Light Grey"}','{"en": "light-gey"}',NULL,NULL),
(213,'Glass:Color',NULL,13,'{"en": "Multicolored"}','{"en": "multicolored"}',NULL,NULL),
(221,'Glass:Production',NULL,1,'{"en": "Free Blown"}','{"en": "free-blown"}',NULL,NULL),
(222,'Glass:Production',NULL,2,'{"en": "Mold Blown"}','{"en": "mold-blown"}',NULL,NULL),
(223,'Glass:Production',NULL,3,'{"en": "Machine Blown"}','{"en": "machine-blown"}',NULL,NULL),
(224,'Glass:Production',NULL,4,'{"en": "Machine Pressed"}','{"en": "machine-pressed"}',NULL,NULL),
(225,'Glass:Production',NULL,5,'{"en": "Polished"}','{"en": "polished"}',NULL,NULL),
(226,'Glass:Production',NULL,6,'{"en": "Incised"}','{"en": "incised"}',NULL,NULL),
(227,'Glass:Production',NULL,7,'{"en": "Pontil Mark"}','{"en": "pontil-mark"}',NULL,NULL),
(228,'Glass:Production',NULL,8,'{"en": "Plain Decorative Wrap"}','{"en": "plain-decorative-wrap"}',NULL,NULL),
(229,'Glass:Production',NULL,9,'{"en": "Twisted Decorative Wrap"}','{"en": "twisted-decorative-wrap"}',NULL,NULL),
(230,'Glass:Production',NULL,10,'{"en": "Pinched Wrap"}','{"en": "pinched-wrap"}',NULL,NULL),
(231,'Glass:Production',NULL,11,'{"en": "Tool Mark"}','{"en": "tool-mark"}',NULL,NULL),
(241,'Glass:Weathering',NULL,1,'{"en": "Very Light"}','{"en": "very-light"}',NULL,NULL),
(242,'Glass:Weathering',NULL,2,'{"en": "Light"}','{"en": "light"}',NULL,NULL),
(243,'Glass:Weathering',NULL,3,'{"en": "Very Light"}','{"en": "very-light"}',NULL,NULL),
(244,'Glass:Weathering',NULL,4,'{"en": "Medium"}','{"en": "medium"}',NULL,NULL),
(245,'Glass:Weathering',NULL,5,'{"en": "Heavy"}','{"en": "heavy"}',NULL,NULL),
(246,'Glass:Weathering',NULL,6,'{"en": "Very Heavy"}','{"en": "very-heavy"}',NULL,NULL),
(247,'Glass:Weathering',NULL,7,'{"en": "Opaque"}','{"en": "opaque"}',NULL,NULL),
(251,'Glass:Weathering-Type',NULL,1,'{"en": "Silica Rich Layer"}','{"en": "silica-rich-layer"}',NULL,NULL),
(252,'Glass:Weathering-Type',NULL,2,'{"en": "White"}','{"en": "white"}',NULL,NULL),
(253,'Glass:Weathering-Type',NULL,3,'{"en": "Black"}','{"en": "black"}',NULL,NULL),
(254,'Glass:Weathering-Type',NULL,4,'{"en": "Yellow"}','{"en": "yellow"}',NULL,NULL),
(255,'Glass:Weathering-Type',NULL,5,'{"en": "Pitted"}','{"en": "pitted"}',NULL,NULL),
(261,'Glass:Vessel-Subtype',NULL,1,'{"en": "Beaker"}','{"en": "Beaker"}',NULL,NULL),
(262,'Glass:Vessel-Subtype',NULL,2,'{"en": "Bottle"}','{"en": "Bottle"}',NULL,NULL),
(263,'Glass:Vessel-Subtype',NULL,3,'{"en": "Bowl"}','{"en": "bowl"}',NULL,NULL),
(264,'Glass:Vessel-Subtype',NULL,4,'{"en": "Cup"}','{"en": "cup"}',NULL,NULL),
(265,'Glass:Vessel-Subtype',NULL,5,'{"en": "Dish"}','{"en": "dish"}',NULL,NULL),
(266,'Glass:Vessel-Subtype',NULL,6,'{"en": "Footed Cup"}','{"en": "footed-cup"}',NULL,NULL),
(267,'Glass:Vessel-Subtype',NULL,7,'{"en": "Goblet"}','{"en": "goblet"}',NULL,NULL),
(268,'Glass:Vessel-Subtype',NULL,8,'{"en": "Lamp"}','{"en": "lamp"}',NULL,NULL),
(269,'Glass:Vessel-Subtype',NULL,9,'{"en": "Plate"}','{"en": "plate"}',NULL,NULL),
(270,'Glass:Vessel-Subtype',NULL,10,'{"en": "Rim"}','{"en": "rim"}',NULL,NULL),
(271,'Glass:Vessel-Subtype',NULL,11,'{"en": "Outward Folded Rim"}','{"en": "outward-folded-rim"}',NULL,NULL),
(272,'Glass:Vessel-Subtype',NULL,12,'{"en": "Body"}','{"en": "body"}',NULL,NULL),
(273,'Glass:Vessel-Subtype',NULL,13,'{"en": "Handle"}','{"en": "handle"}',NULL,NULL),
(274,'Glass:Vessel-Subtype',NULL,14,'{"en": "Base"}','{"en": "base"}',NULL,NULL),
(275,'Glass:Vessel-Subtype',NULL,15,'{"en": "Hollow Ring Base"}','{"en": "hollow-ring-base"}',NULL,NULL),
(276,'Glass:Vessel-Subtype',NULL,16,'{"en": "Solid Ring Base"}','{"en": "solid-ring-base"}',NULL,NULL);