INSERT INTO `tag_types` (`str_id`, `subject`, `category`, `category_order`, `group_order`, `display_name`, `multiple`, `dependency`) VALUES 

('Periods:Top-Level','Period','Period',2,1,'Periods (Top-Level)',1,NULL),

('Periods:Neolithic','Period','Period',2,3,'Neolithic Subperiods',1,
'[["T>10300"]]'),

('Periods:Bronze','Period','Period',2,6,'Bronze Subperiods',1,
'[["T>10500"]]'),

('Periods:Iron','Period','Period',2,7,'Iron Subperiods',1,
'[["T>10600"]]'),

('Periods:Hellenistic','Period','Period',2,9,'Hellenistic Subperiods',1,
'[["T>10800"]]'),

('Periods:Roman','Period','Period',2,10,'Roman Subperiods',1,
'[["T>10900"]]'),

('Periods:Early-Islamic','Period','Period',2,12,'Early-Islamic Subperiods',1,
'[["T>11100"]]'),

('Periods:Medieval','Period','Period',2,15,'Medieval Subperiods',1,
'[["T>11200"]]'),

('Periods:Modern','Period','Period',2,20,'Modern Subperiods',1,
'[["T>11400"]]');



/*('Periods:Paleolithic'*/
/*('Periods:Epipaleolithic'*/


/*('Periods:Chalcolithic',*/


/*('Periods:Persian','Period',*/



/*('Periods:Byzantine'*/


/*('Periods:Ottoman'*/









INSERT INTO `tags` (`id`, `type`, `order_column`, `name`, `created_at`, `updated_at`, `slug`) VALUES 
(10100,'Periods:Top-Level',1,'{\"en\": \"Paleolithic\"}',NULL,NULL,'{\"en\": \"Paleolithic\"}'),
(10200,'Periods:Top-Level',2,'{\"en\": \"Epipaleolithic\"}',NULL,NULL,'{\"en\": \"Epipaleolithic\"}'),
(10300,'Periods:Top-Level',3,'{\"en\": \"Neolithic\"}',NULL,NULL,'{\"en\": \"Neolithic\"}'),
(10311,'Periods:Neolithic',1,'{\"en\": \"PPNA\"}',NULL,NULL,'{\"en\": \"PPNA\"}'),
(10312,'Periods:Neolithic',2,'{\"en\": \"PPNB\"}',NULL,NULL,'{\"en\": \"PPNB\"}'),
(10313,'Periods:Neolithic',3,'{\"en\": \"PPNC\"}',NULL,NULL,'{\"en\": \"PPNC\"}'),
(10314,'Periods:Neolithic',4,'{\"en\": \"Pottery Neolithic\"}',NULL,NULL,'{\"en\": \"Pottery Neolithic\"}'),
(10400,'Periods:Top-Level',4,'{\"en\": \"Chalcolithic\"}',NULL,NULL,'{\"en\": \"Chalcolithic\"}'),
(10500,'Periods:Top-Level',5,'{\"en\": \"Bronze\"}',NULL,NULL,'{\"en\": \"Bronze\"}'),
(10511,'Periods:Bronze',1,'{\"en\": \"EB\"}',NULL,NULL,'{\"en\": \"EB\"}'),
(10512,'Periods:Bronze',2,'{\"en\": \"EB I\"}',NULL,NULL,'{\"en\": \"EB I\"}'),
(10513,'Periods:Bronze',3,'{\"en\": \"EB II\"}',NULL,NULL,'{\"en\": \"EB II\"}'),
(10514,'Periods:Bronze',4,'{\"en\": \"EB III\"}',NULL,NULL,'{\"en\": \"EB III\"}'),
(10515,'Periods:Bronze',5,'{\"en\": \"IB\"}',NULL,NULL,'{\"en\": \"IB\"}'),
(10516,'Periods:Bronze',6,'{\"en\": \"MB\"}',NULL,NULL,'{\"en\": \"MB\"}'),
(10517,'Periods:Bronze',7,'{\"en\": \"MB II\"}',NULL,NULL,'{\"en\": \"MB II\"}'),
(10518,'Periods:Bronze',8,'{\"en\": \"MB IIA\"}',NULL,NULL,'{\"en\": \"MB IIA\"}'),
(10519,'Periods:Bronze',9,'{\"en\": \"MB IIB\"}',NULL,NULL,'{\"en\": \"MB IIB\"}'),
(10520,'Periods:Bronze',10,'{\"en\": \"MB IIC\"}',NULL,NULL,'{\"en\": \"MB IIC\"}'),
(10521,'Periods:Bronze',11,'{\"en\": \"LB\"}',NULL,NULL,'{\"en\": \"LB\"}'),
(10522,'Periods:Bronze',12,'{\"en\": \"LB I\"}',NULL,NULL,'{\"en\": \"LB I\"}'),
(10523,'Periods:Bronze',13,'{\"en\": \"LB IIA\"}',NULL,NULL,'{\"en\": \"LB IIA\"}'),
(10524,'Periods:Bronze',14,'{\"en\": \"LB IIB\"}',NULL,NULL,'{\"en\": \"LB IIB\"}'),
(10600,'Periods:Top-Level',6,'{\"en\": \"Iron\"}',NULL,NULL,'{\"en\": \"Iron\"}'),
(10611,'Periods:Iron',1,'{\"en\": \"Ir I\"}',NULL,NULL,'{\"en\": \"Ir I\"}'),
(10612,'Periods:Iron',2,'{\"en\": \"Ir IA\"}',NULL,NULL,'{\"en\": \"Ir IA\"}'),
(10613,'Periods:Iron',3,'{\"en\": \"Ir IB\"}',NULL,NULL,'{\"en\": \"Ir IB\"}'),
(10621,'Periods:Iron',11,'{\"en\": \"Ir II\"}',NULL,NULL,'{\"en\": \"Ir II\"}'),
(10622,'Periods:Iron',12,'{\"en\": \"Ir IIA\"}',NULL,NULL,'{\"en\": \"Ir IIA\"}'),
(10623,'Periods:Iron',13,'{\"en\": \"Ir IIB\"}',NULL,NULL,'{\"en\": \"Ir IIB\"}'),
(10624,'Periods:Iron',14,'{\"en\": \"Ir IIC\"}',NULL,NULL,'{\"en\": \"Ir IIC\"}'),
(10700,'Periods:Top-Level',7,'{\"en\": \"Persian\"}',NULL,NULL,'{\"en\": \"Persian\"}'),
(10800,'Periods:Top-Level',8,'{\"en\": \"Hellenistic\"}',NULL,NULL,'{\"en\": \"Hellenistic\"}'),
(10811,'Periods:Hellenistic',1,'{\"en\": \"Early Hellenistic\"}',NULL,NULL,'{\"en\": \"Hellenistic\"}'),
(10812,'Periods:Hellenistic',2,'{\"en\": \"Late Hellenistic\"}',NULL,NULL,'{\"en\": \"Late Hellenistic\"}'),
(10900,'Periods:Top-Level',9,'{\"en\": \"Roman\"}',NULL,NULL,'{\"en\": \"Roman\"}'),
(10911,'Periods:Roman',1,'{\"en\": \"Early Roman\"}',NULL,NULL,'{\"en\": \"Early Roman\"}'),
(10912,'Periods:Roman',2,'{\"en\": \"Herodian\"}',NULL,NULL,'{\"en\": \"Herodian\"}'),
(10913,'Periods:Roman',3,'{\"en\": \"Middle Roman\"}',NULL,NULL,'{\"en\": \"Middle Roman\"}'),
(10914,'Periods:Roman',4,'{\"en\": \"Late Roman\"}',NULL,NULL,'{\"en\": \"Late Roman\"}'),
(11000,'Periods:Top-Level',10,'{\"en\": \"Byzantine\"}',NULL,NULL,'{\"en\": \"Byzantine\"}'),
(11100,'Periods:Top-Level',11,'{\"en\": \"Early Islamic\"}',NULL,NULL,'{\"en\": \"Early Islamic\"}'),
(11111,'Periods:Early-Islamic',1,'{\"en\": \"Umayyad\"}',NULL,NULL,'{\"en\": \"Umayyad\"}'),
(11112,'Periods:Early-Islamic',2,'{\"en\": \"Abbasid\"}',NULL,NULL,'{\"en\": \"Abbasid\"}'),
(11113,'Periods:Early-Islamic',3,'{\"en\": \"Fatimid\"}',NULL,NULL,'{\"en\": \"Fatimid\"}'),
(11200,'Periods:Top-Level',12,'{\"en\": \"Medieval\"}',NULL,NULL,'{\"en\": \"Medieval\"}'),
(11213,'Periods:Medieval',1,'{\"en\": \"Crusader\"}',NULL,NULL,'{\"en\": \"Crusader\"}'),
(11214,'Periods:Medieval',2,'{\"en\": \"Ayyubid\"}',NULL,NULL,'{\"en\": \"Ayyubid\"}'),
(11215,'Periods:Medieval',3,'{\"en\": \"Mamluk\"}',NULL,NULL,'{\"en\": \"Mamluk\"}'),
(11300,'Periods:Top-Level',13,'{\"en\": \"Ottoman\"}',NULL,NULL,'{\"en\": \"Ottoman\"}'),
(11400,'Periods:Top-Level',14,'{\"en\": \"Modern\"}',NULL,NULL,'{\"en\": \"Modern\"}'),
(11411,'Periods:Modern',1,'{\"en\": \"1917-1948\"}',NULL,NULL,'{\"en\": \"1917-1948\"}'),
(11412,'Periods:Modern',2,'{\"en\": \"1949-present\"}',NULL,NULL,'{\"en\": \"1949-present\"}');

INSERT INTO `taggables` VALUES (11400,'Glass',1),(11400,'Glass',2),(10800,'Glass',3),(10900,'Glass',3),(10911,'Glass',3),(10900,'Glass',4),(10800,'Glass',6),(10900,'Glass',8),(10900,'Glass',9),(10900,'Glass',10),(10900,'Glass',12),(10900,'Glass',14),(11000,'Glass',14),(10900,'Glass',15),(10800,'Glass',17),(10900,'Glass',17),(10911,'Glass',17),(10900,'Glass',20),(11000,'Glass',20),(10900,'Glass',22),(11000,'Glass',22),(10900,'Glass',23),(11000,'Glass',23),(11400,'Glass',26),(10900,'Glass',27),(11000,'Glass',27),(10900,'Glass',28),(11000,'Glass',29),(11200,'Glass',29),(10900,'Glass',30),(10900,'Glass',31),(11000,'Glass',31),(10900,'Glass',34),(11000,'Glass',34),(11400,'Glass',35),(10800,'Glass',37),(11400,'Glass',38),(11400,'Glass',39),(10900,'Glass',40),(10800,'Glass',41),(11200,'Glass',43),(11215,'Glass',43),(11300,'Glass',45),(11400,'Glass',45),(10900,'Glass',50),(10900,'Glass',51),(10900,'Glass',52),(11000,'Glass',52),(10900,'Glass',53),(11000,'Glass',53),(11000,'Glass',54),(10900,'Glass',55),(10900,'Glass',57),(10900,'Glass',58),(10900,'Glass',59),(10900,'Glass',60),(10800,'Glass',61),(10900,'Glass',62),(11400,'Glass',63),(11400,'Glass',64),(11400,'Glass',65),(11400,'Glass',66),(11400,'Metal',3),(11200,'Metal',7),(11215,'Metal',7),(11400,'Metal',8),(11200,'Metal',9),(11213,'Metal',9),(11400,'Metal',12),(11411,'Metal',12),(11400,'Metal',15),(10900,'Metal',16),(11400,'Metal',17),(10900,'Metal',19),(11200,'Metal',24),(11215,'Metal',24),(11000,'Metal',26),(11400,'Metal',28),(11400,'Metal',29),(11000,'Metal',34),(10900,'Metal',46),(11200,'Metal',49),(11213,'Metal',49),(11400,'Metal',53),(11000,'Metal',58),(11200,'Metal',62),(11213,'Metal',62),(11200,'Metal',65),(11215,'Metal',65),(11200,'Metal',66),(11213,'Metal',66),(11200,'Metal',67),(11213,'Metal',67),(10900,'Metal',69),(11200,'Metal',70),(11213,'Metal',70),(11200,'Metal',71),(11213,'Metal',71),(11100,'Metal',72),(11000,'Metal',74),(11200,'Metal',76),(11213,'Metal',76),(11200,'Metal',83),(11213,'Metal',83),(11400,'Metal',87),(11411,'Metal',87),(11400,'Metal',94),(11411,'Metal',94),(11400,'Metal',102),(11411,'Metal',102),(11400,'Metal',103),(11411,'Metal',103),(11400,'Metal',104),(11411,'Metal',104),(11400,'Metal',105),(11411,'Metal',105),(11400,'Metal',106),(11411,'Metal',106),(11400,'Metal',107),(11411,'Metal',107),(11400,'Metal',108),(11411,'Metal',108),(11400,'Metal',109),(11411,'Metal',109),(11400,'Metal',110),(11411,'Metal',110),(11400,'Metal',111),(11411,'Metal',111),(11400,'Metal',112),(11411,'Metal',112),(11400,'Metal',113),(11411,'Metal',113),(11400,'Metal',114),(11411,'Metal',114),(11400,'Metal',115),(11411,'Metal',115),(11400,'Metal',116),(11411,'Metal',116),(11400,'Metal',118),(11411,'Metal',118),(11400,'Metal',122),(11400,'Metal',125),(11400,'Metal',126),(11400,'Metal',128),(11411,'Metal',128),(11000,'Metal',156),(11400,'Metal',158),(11200,'Metal',159),(11213,'Metal',159),(11400,'Metal',160),(10900,'Metal',164),(10900,'Metal',165),(11400,'Metal',167),(11411,'Metal',167),(11200,'Metal',168),(11300,'Metal',168),(11000,'Metal',170),(11100,'Metal',170),(11200,'Metal',172),(11213,'Metal',172),(11000,'Metal',173),(11200,'Metal',174),(11213,'Metal',174),(11000,'Metal',175),(11200,'Metal',176),(11213,'Metal',176),(11000,'Metal',180),(11400,'Metal',184),(10900,'Metal',185),(10500,'Metal',188),(10516,'Metal',188),(11200,'Metal',192),(11213,'Metal',192),(11400,'Metal',195),(11200,'Metal',199),(11213,'Metal',199),(11400,'Metal',200),(10500,'Metal',201),(10516,'Metal',201),(10500,'Metal',202),(10516,'Metal',202),(10500,'Metal',203),(10516,'Metal',203),(11400,'Metal',205),(11400,'Metal',206),(11400,'Metal',207),(11400,'Metal',208),(11400,'Metal',210),(11411,'Metal',210),(11100,'Metal',214),(11200,'Metal',215),(10400,'Pottery',10),(10500,'Pottery',10),(10511,'Pottery',10),(10514,'Pottery',10),(10700,'Pottery',10),(10400,'Pottery',12),(10500,'Pottery',17),(10511,'Pottery',17),(10514,'Pottery',17),(10517,'Pottery',17),(10521,'Pottery',17),(10500,'Pottery',22),(10512,'Pottery',22),(10514,'Pottery',22),(10900,'Pottery',22),(11000,'Pottery',22),(10500,'Pottery',24),(10514,'Pottery',24),(10500,'Pottery',26),(10511,'Pottery',26),(10514,'Pottery',26),(10517,'Pottery',26),(10700,'Pottery',26),(10900,'Pottery',26),(11000,'Pottery',26),(10500,'Pottery',27),(10511,'Pottery',27),(10700,'Pottery',27),(10400,'Pottery',30),(10500,'Pottery',30),(10512,'Pottery',30),(10513,'Pottery',30),(10514,'Pottery',30),(10515,'Pottery',30),(10517,'Pottery',30),(10500,'Pottery',35),(10511,'Pottery',35),(10900,'Pottery',35),(11000,'Pottery',35),(10400,'Pottery',36),(10500,'Pottery',36),(10511,'Pottery',36),(10513,'Pottery',36),(10514,'Pottery',36),(10600,'Pottery',36),(10611,'Pottery',36),(10621,'Pottery',36),(10500,'Pottery',37),(10511,'Pottery',37),(10513,'Pottery',37),(10514,'Pottery',37),(10517,'Pottery',37),(10400,'Pottery',38),(10500,'Pottery',38),(10511,'Pottery',38),(10513,'Pottery',38),(10514,'Pottery',38),(10600,'Pottery',38),(10621,'Pottery',38),(10400,'Pottery',39),(10500,'Pottery',39),(10511,'Pottery',39),(10514,'Pottery',39),(10517,'Pottery',39),(10521,'Pottery',39),(10600,'Pottery',39),(10621,'Pottery',39),(10900,'Pottery',39),(11000,'Pottery',39),(10500,'Pottery',40),(10511,'Pottery',40),(10512,'Pottery',40),(10500,'Pottery',41),(10511,'Pottery',41),(10300,'Pottery',42),(10314,'Pottery',42),(10500,'Pottery',42),(10511,'Pottery',42),(10500,'Pottery',43),(10511,'Pottery',43),(10513,'Pottery',43),(10514,'Pottery',43),(10500,'Pottery',46),(10511,'Pottery',46),(10514,'Pottery',46),(10516,'Pottery',46),(10521,'Pottery',46),(10900,'Pottery',46),(11000,'Pottery',46),(10300,'Pottery',47),(10400,'Pottery',47),(10500,'Pottery',47),(10511,'Pottery',47),(10514,'Pottery',47),(10521,'Pottery',47),(10600,'Pottery',47),(10611,'Pottery',47),(11300,'Pottery',47),(11400,'Pottery',47),(10400,'Pottery',50),(10500,'Pottery',51),(10511,'Pottery',51),(10900,'Pottery',51),(11000,'Pottery',51),(10400,'Pottery',52),(10500,'Pottery',52),(10511,'Pottery',52),(10514,'Pottery',52),(10517,'Pottery',52),(10521,'Pottery',52),(10600,'Pottery',52),(10611,'Pottery',52),(10900,'Pottery',52),(11000,'Pottery',52),(10500,'Pottery',54),(10521,'Pottery',54),(10700,'Pottery',54),(10500,'Pottery',55),(10511,'Pottery',55),(10513,'Pottery',55),(10514,'Pottery',55),(10517,'Pottery',55),(10900,'Pottery',55),(11000,'Pottery',55),(10500,'Pottery',56),(10511,'Pottery',56),(10517,'Pottery',56),(10521,'Pottery',56),(10900,'Pottery',56),(10500,'Pottery',57),(10511,'Pottery',57),(10900,'Pottery',57),(11000,'Pottery',57),(10500,'Pottery',58),(10511,'Pottery',58),(10600,'Pottery',58),(10300,'Pottery',59),(10400,'Pottery',59),(10500,'Pottery',59),(10511,'Pottery',59),(10514,'Pottery',59),(10517,'Pottery',59),(10900,'Pottery',59),(11000,'Pottery',59),(11300,'Pottery',59),(11400,'Pottery',59),(10500,'Pottery',60),(10511,'Pottery',60),(10514,'Pottery',60),(10517,'Pottery',60),(10900,'Pottery',60),(11000,'Pottery',60),(11300,'Pottery',60),(11400,'Pottery',60),(10500,'Pottery',61),(10514,'Pottery',61),(10900,'Pottery',61),(11000,'Pottery',61),(10500,'Pottery',63),(10511,'Pottery',63),(10514,'Pottery',63),(10517,'Pottery',63),(10700,'Pottery',63),(10900,'Pottery',63),(11000,'Pottery',63),(10400,'Pottery',64),(10500,'Pottery',64),(10511,'Pottery',64),(10514,'Pottery',64),(10517,'Pottery',64),(10521,'Pottery',64),(10600,'Pottery',64),(10700,'Pottery',64),(10900,'Pottery',64),(11000,'Pottery',64),(10500,'Pottery',67),(10511,'Pottery',67),(10514,'Pottery',67),(10500,'Pottery',68),(10511,'Pottery',68),(10514,'Pottery',68),(10517,'Pottery',68),(10521,'Pottery',68),(10900,'Pottery',68),(11000,'Pottery',68),(10300,'Pottery',69),(10314,'Pottery',69),(10500,'Pottery',69),(10511,'Pottery',69),(10513,'Pottery',69),(10514,'Pottery',69),(10517,'Pottery',69),(10521,'Pottery',69),(10600,'Pottery',69),(10700,'Pottery',69),(10900,'Pottery',69),(11000,'Pottery',69),(10500,'Pottery',70),(10511,'Pottery',70),(10517,'Pottery',70),(10521,'Pottery',70),(10900,'Pottery',70),(11000,'Pottery',70),(10500,'Pottery',71),(10511,'Pottery',71),(10514,'Pottery',71),(10517,'Pottery',71),(10521,'Pottery',71),(10900,'Pottery',71),(11000,'Pottery',71),(10300,'Pottery',72),(10314,'Pottery',72),(10400,'Pottery',72),(10500,'Pottery',72),(10511,'Pottery',72),(10514,'Pottery',72),(10517,'Pottery',72),(10521,'Pottery',72),(10600,'Pottery',72),(10621,'Pottery',72),(10900,'Pottery',72),(11000,'Pottery',72),(10400,'Pottery',73),(10500,'Pottery',73),(10511,'Pottery',73),(10514,'Pottery',73),(10517,'Pottery',73),(10521,'Pottery',73),(10900,'Pottery',73),(11000,'Pottery',73),(10400,'Pottery',74),(10500,'Pottery',74),(10511,'Pottery',74),(10514,'Pottery',74),(10517,'Pottery',74),(10521,'Pottery',74),(10900,'Pottery',74),(11000,'Pottery',74),(10500,'Pottery',75),(10511,'Pottery',75),(10514,'Pottery',75),(10517,'Pottery',75),(10900,'Pottery',75),(11000,'Pottery',75),(10500,'Pottery',76),(10511,'Pottery',76),(10514,'Pottery',76),(10517,'Pottery',76),(10700,'Pottery',76),(10900,'Pottery',76),(11000,'Pottery',76),(10500,'Pottery',77),(10511,'Pottery',77),(10517,'Pottery',77),(10900,'Pottery',77),(11000,'Pottery',77),(10500,'Pottery',78),(10511,'Pottery',78),(10514,'Pottery',78),(10517,'Pottery',78),(10700,'Pottery',78),(10900,'Pottery',78),(11000,'Pottery',78),(10400,'Pottery',80),(10500,'Pottery',80),(10511,'Pottery',80),(10514,'Pottery',80),(10517,'Pottery',80),(10700,'Pottery',80),(10900,'Pottery',80),(11000,'Pottery',80),(10500,'Pottery',83),(10514,'Pottery',83),(10500,'Pottery',84),(10511,'Pottery',84),(10900,'Pottery',84),(11000,'Pottery',84),(10400,'Pottery',85),(10500,'Pottery',85),(10511,'Pottery',85),(10513,'Pottery',85),(10514,'Pottery',85),(10517,'Pottery',85),(10521,'Pottery',85),(10600,'Pottery',85),(10612,'Pottery',85),(10900,'Pottery',85),(11000,'Pottery',85),(10300,'Pottery',86),(10400,'Pottery',86),(10500,'Pottery',86),(10511,'Pottery',86),(10514,'Pottery',86),(10900,'Pottery',86),(11000,'Pottery',86),(10500,'Pottery',87),(10511,'Pottery',87),(10400,'Pottery',88),(10500,'Pottery',88),(10511,'Pottery',88),(10514,'Pottery',88),(10521,'Pottery',88),(10600,'Pottery',88),(10611,'Pottery',88),(10900,'Pottery',88),(11000,'Pottery',88),(10500,'Pottery',89),(10511,'Pottery',89),(10514,'Pottery',89),(10900,'Pottery',89),(11000,'Pottery',89),(10500,'Pottery',90),(10511,'Pottery',90),(10400,'Pottery',91),(10500,'Pottery',91),(10511,'Pottery',91),(10514,'Pottery',91),(10500,'Pottery',92),(10511,'Pottery',92),(10514,'Pottery',92),(10400,'Pottery',93),(10500,'Pottery',93),(10512,'Pottery',93),(10514,'Pottery',93),(10517,'Pottery',93),(10521,'Pottery',93),(10700,'Pottery',93),(10900,'Pottery',93),(11000,'Pottery',93),(11300,'Pottery',93),(11400,'Pottery',93),(10300,'Pottery',94),(10314,'Pottery',94),(10400,'Pottery',94),(10500,'Pottery',94),(10511,'Pottery',94),(10514,'Pottery',94),(10700,'Pottery',94),(10900,'Pottery',94),(11000,'Pottery',94),(10300,'Pottery',95),(10314,'Pottery',95),(10900,'Pottery',95),(11000,'Pottery',95),(10500,'Pottery',96),(10511,'Pottery',96),(10513,'Pottery',96),(10514,'Pottery',96),(10517,'Pottery',96),(10521,'Pottery',96),(10600,'Pottery',96),(10612,'Pottery',96),(10900,'Pottery',96),(11000,'Pottery',96),(10400,'Pottery',99),(10500,'Pottery',99),(10511,'Pottery',99),(10517,'Pottery',99),(10521,'Pottery',99),(10600,'Pottery',99),(10612,'Pottery',99),(10900,'Pottery',99),(11000,'Pottery',99),(10500,'Pottery',100),(10511,'Pottery',100),(10517,'Pottery',100),(10900,'Pottery',100),(11000,'Pottery',100),(10300,'Pottery',102),(10400,'Pottery',102),(10500,'Pottery',102),(10511,'Pottery',102),(10514,'Pottery',102),(10517,'Pottery',102),(10521,'Pottery',102),(10900,'Pottery',102),(11000,'Pottery',102),(11300,'Pottery',102),(11400,'Pottery',102),(10500,'Pottery',103),(10511,'Pottery',103),(10900,'Pottery',103),(11000,'Pottery',103),(10400,'Pottery',104),(10500,'Pottery',104),(10511,'Pottery',104),(10514,'Pottery',104),(10517,'Pottery',104),(10900,'Pottery',104),(11000,'Pottery',104),(10500,'Pottery',105),(10517,'Pottery',105),(10400,'Pottery',109),(10500,'Pottery',109),(10511,'Pottery',109),(10521,'Pottery',109),(10700,'Pottery',109),(10900,'Pottery',109),(11000,'Pottery',109),(10500,'Pottery',110),(10511,'Pottery',110),(10514,'Pottery',110),(10400,'Pottery',111),(10500,'Pottery',111),(10511,'Pottery',111),(10514,'Pottery',111),(10900,'Pottery',111),(11000,'Pottery',111),(10400,'Pottery',112),(10500,'Pottery',112),(10511,'Pottery',112),(10514,'Pottery',112),(10900,'Pottery',112),(11000,'Pottery',112),(10500,'Pottery',113),(10511,'Pottery',113),(10514,'Pottery',113),(10517,'Pottery',113),(10900,'Pottery',113),(11000,'Pottery',113),(10500,'Pottery',114),(10511,'Pottery',114),(10514,'Pottery',114),(10517,'Pottery',114),(10500,'Pottery',115),(10511,'Pottery',115),(10500,'Pottery',116),(10511,'Pottery',116),(10500,'Pottery',117),(10511,'Pottery',117),(10513,'Pottery',117),(10514,'Pottery',117),(10517,'Pottery',117),(10521,'Pottery',117),(10600,'Pottery',117),(10621,'Pottery',117),(10500,'Pottery',118),(10511,'Pottery',118),(10300,'Pottery',119),(10314,'Pottery',119),(10400,'Pottery',119),(10500,'Pottery',119),(10511,'Pottery',119),(10513,'Pottery',119),(10514,'Pottery',119),(10900,'Pottery',119),(11000,'Pottery',119),(10300,'Pottery',120),(10400,'Pottery',120),(10500,'Pottery',120),(10512,'Pottery',120),(10513,'Pottery',120),(10514,'Pottery',120),(10517,'Pottery',120),(10521,'Pottery',120),(10600,'Pottery',120),(10611,'Pottery',120),(10900,'Pottery',120),(11000,'Pottery',120),(10400,'Pottery',121),(10500,'Pottery',121),(10512,'Pottery',121),(10514,'Pottery',121),(10517,'Pottery',121),(10600,'Pottery',121),(10621,'Pottery',121),(10700,'Pottery',121),(10900,'Pottery',121),(11000,'Pottery',121),(10300,'Pottery',122),(10400,'Pottery',122),(10500,'Pottery',122),(10511,'Pottery',122),(10514,'Pottery',122),(10517,'Pottery',122),(10500,'Pottery',123),(10511,'Pottery',123),(10512,'Pottery',123),(10514,'Pottery',123),(10600,'Pottery',123),(10621,'Pottery',123),(10900,'Pottery',123),(11000,'Pottery',123),(10400,'Pottery',125),(10500,'Pottery',125),(10511,'Pottery',125),(10900,'Pottery',125),(11000,'Pottery',125),(10500,'Pottery',126),(10511,'Pottery',126),(10513,'Pottery',126),(10514,'Pottery',126),(10517,'Pottery',126),(10521,'Pottery',126),(10900,'Pottery',126),(11000,'Pottery',126),(10500,'Pottery',127),(10512,'Pottery',127),(10513,'Pottery',127),(10514,'Pottery',127),(10900,'Pottery',127),(11000,'Pottery',127),(10500,'Pottery',128),(10511,'Pottery',128),(10514,'Pottery',128),(10400,'Pottery',129),(10500,'Pottery',129),(10511,'Pottery',129),(10513,'Pottery',129),(10514,'Pottery',129),(10600,'Pottery',129),(10611,'Pottery',129),(10621,'Pottery',129),(10900,'Pottery',129),(11000,'Pottery',129),(10400,'Pottery',130),(10500,'Pottery',130),(10511,'Pottery',130),(10600,'Pottery',130),(10621,'Pottery',130),(10900,'Pottery',130),(11000,'Pottery',130),(10400,'Pottery',131),(10500,'Pottery',131),(10511,'Pottery',131),(10900,'Pottery',131),(11000,'Pottery',131),(10500,'Pottery',132),(10511,'Pottery',132),(10500,'Pottery',133),(10511,'Pottery',133),(10512,'Pottery',133),(10517,'Pottery',133),(10521,'Pottery',133),(10500,'Pottery',134),(10511,'Pottery',134),(10500,'Pottery',135),(10511,'Pottery',135),(10521,'Pottery',135),(10600,'Pottery',135),(10611,'Pottery',135),(10500,'Pottery',136),(10511,'Pottery',136),(10517,'Pottery',136),(10521,'Pottery',136),(10500,'Pottery',139),(10511,'Pottery',139),(10514,'Pottery',139),(10600,'Pottery',139),(10621,'Pottery',139),(10900,'Pottery',139),(11000,'Pottery',139),(10500,'Pottery',140),(10513,'Pottery',140),(10514,'Pottery',140),(10400,'Pottery',143),(10500,'Pottery',143),(10511,'Pottery',143),(10700,'Pottery',143),(10800,'Pottery',144),(10900,'Pottery',144),(11000,'Pottery',144),(10400,'Pottery',146),(10500,'Pottery',146),(10511,'Pottery',146),(10514,'Pottery',146),(10500,'Pottery',147),(10522,'Pottery',147),(10500,'Pottery',148),(10511,'Pottery',148),(10514,'Pottery',148),(10517,'Pottery',148),(10521,'Pottery',148),(10700,'Pottery',148),(10400,'Pottery',149),(10500,'Pottery',149),(10511,'Pottery',149),(10514,'Pottery',149),(10517,'Pottery',149),(10900,'Pottery',149),(11000,'Pottery',149),(10500,'Pottery',150),(10517,'Pottery',150),(10521,'Pottery',150),(10900,'Pottery',150),(11000,'Pottery',150),(10500,'Pottery',151),(10511,'Pottery',151),(10500,'Pottery',152),(10511,'Pottery',152),(10400,'Pottery',153),(10500,'Pottery',153),(10511,'Pottery',153),(10400,'Pottery',154),(10500,'Pottery',154),(10511,'Pottery',154),(10900,'Pottery',154),(11000,'Pottery',154),(10400,'Pottery',155),(10500,'Pottery',155),(10511,'Pottery',155),(10500,'Pottery',159),(10511,'Pottery',159),(10514,'Pottery',159),(10900,'Pottery',159),(11000,'Pottery',159),(10500,'Pottery',162),(10517,'Pottery',162),(10900,'Pottery',162),(11000,'Pottery',162),(10500,'Pottery',164),(10511,'Pottery',164),(10900,'Pottery',164),(11000,'Pottery',164),(10900,'Pottery',165),(11000,'Pottery',165),(10400,'Pottery',167),(10500,'Pottery',167),(10511,'Pottery',167),(10600,'Pottery',167),(10621,'Pottery',167),(10300,'Pottery',170),(10400,'Pottery',170),(11200,'Pottery',170),(10500,'Pottery',171),(10514,'Pottery',171),(10900,'Pottery',171),(11000,'Pottery',171),(11200,'Pottery',171),(10500,'Pottery',172),(10521,'Pottery',172),(10600,'Pottery',172),(10611,'Pottery',172),(10700,'Pottery',172),(10900,'Pottery',172),(11000,'Pottery',172),(10500,'Pottery',180),(10511,'Pottery',180),(10517,'Pottery',180),(10700,'Pottery',180),(10900,'Pottery',180),(11000,'Pottery',180),(11200,'Pottery',181),(10500,'Pottery',182),(10511,'Pottery',182),(10900,'Pottery',182),(11000,'Pottery',182),(10500,'Pottery',184),(10512,'Pottery',184),(11200,'Pottery',184),(10900,'Pottery',188),(11000,'Pottery',188),(10900,'Pottery',189),(11000,'Pottery',189),(10500,'Pottery',191),(10511,'Pottery',191),(10517,'Pottery',191),(10600,'Pottery',191),(10900,'Pottery',191),(11000,'Pottery',191),(10500,'Pottery',192),(10511,'Pottery',192),(10514,'Pottery',192),(10517,'Pottery',192),(10521,'Pottery',192),(10700,'Pottery',192),(10900,'Pottery',192),(11000,'Pottery',192),(10400,'Pottery',193),(10500,'Pottery',193),(10511,'Pottery',193),(10900,'Pottery',193),(11000,'Pottery',193),(11200,'Pottery',193),(10900,'Pottery',197),(11000,'Pottery',197),(10400,'Pottery',198),(10500,'Pottery',198),(10511,'Pottery',198),(10521,'Pottery',198),(10600,'Pottery',198),(10700,'Pottery',198),(10600,'Pottery',200),(10621,'Pottery',200),(10500,'Pottery',201),(10511,'Pottery',201),(10514,'Pottery',201),(10517,'Pottery',201),(10900,'Pottery',201),(11000,'Pottery',201),(10500,'Pottery',202),(10511,'Pottery',202),(10900,'Pottery',202),(11000,'Pottery',202),(10900,'Pottery',205),(11000,'Pottery',205),(10900,'Pottery',207),(11000,'Pottery',207),(10400,'Pottery',208),(10500,'Pottery',208),(10511,'Pottery',208),(10514,'Pottery',208),(10700,'Pottery',208),(10900,'Pottery',208),(11000,'Pottery',208),(11200,'Pottery',208),(10500,'Pottery',209),(10514,'Pottery',209),(10900,'Pottery',209),(11000,'Pottery',209),(10400,'Pottery',210),(10900,'Pottery',210),(11000,'Pottery',210),(10500,'Pottery',212),(10511,'Pottery',212),(10514,'Pottery',212),(10900,'Pottery',212),(11000,'Pottery',212),(10500,'Pottery',216),(10517,'Pottery',216),(10900,'Pottery',216),(11000,'Pottery',216),(10400,'Pottery',217),(10500,'Pottery',217),(10511,'Pottery',217),(10514,'Pottery',217),(10700,'Pottery',217),(10900,'Pottery',217),(11000,'Pottery',217),(10400,'Pottery',218),(10500,'Pottery',218),(10511,'Pottery',218),(10517,'Pottery',218),(10900,'Pottery',218),(11000,'Pottery',218),(10400,'Pottery',219),(10500,'Pottery',219),(10511,'Pottery',219),(10514,'Pottery',219),(10900,'Pottery',219),(11000,'Pottery',219),(10300,'Pottery',220),(10314,'Pottery',220),(10900,'Pottery',222),(11000,'Pottery',222),(10400,'Pottery',224),(10500,'Pottery',224),(10511,'Pottery',224),(10521,'Pottery',224),(10900,'Pottery',224),(11000,'Pottery',224),(10400,'Pottery',225),(10500,'Pottery',225),(10511,'Pottery',225),(10900,'Pottery',225),(11000,'Pottery',225),(10900,'Pottery',226),(11000,'Pottery',226),(11200,'Pottery',226),(10500,'Pottery',229),(10517,'Pottery',229),(10700,'Pottery',229),(10900,'Pottery',229),(11000,'Pottery',229),(11200,'Pottery',229),(10400,'Pottery',230),(10500,'Pottery',230),(10511,'Pottery',230),(10900,'Pottery',230),(11000,'Pottery',230),(10500,'Pottery',231),(10514,'Pottery',231),(10521,'Pottery',231),(10600,'Pottery',231),(10900,'Pottery',231),(11000,'Pottery',231),(10400,'Pottery',233),(10500,'Pottery',233),(10514,'Pottery',233),(10900,'Pottery',233),(11000,'Pottery',233),(10500,'Pottery',234),(10511,'Pottery',234),(10900,'Pottery',234),(11000,'Pottery',234),(10500,'Pottery',235),(10514,'Pottery',235),(10500,'Pottery',237),(10514,'Pottery',237),(10900,'Pottery',237),(11000,'Pottery',237),(10500,'Pottery',238),(10517,'Pottery',238),(10700,'Pottery',239),(10900,'Pottery',239),(11000,'Pottery',239),(11300,'Pottery',239),(11400,'Pottery',239),(10300,'Pottery',242),(10400,'Pottery',242),(10500,'Pottery',242),(10511,'Pottery',242),(10400,'Pottery',243),(10500,'Pottery',243),(10511,'Pottery',243),(10900,'Pottery',243),(11000,'Pottery',243),(10300,'Pottery',244),(10400,'Pottery',244),(10500,'Pottery',244),(10512,'Pottery',244),(10514,'Pottery',244),(10900,'Pottery',244),(11000,'Pottery',244),(11200,'Pottery',244),(10400,'Pottery',245),(10500,'Pottery',245),(10511,'Pottery',245),(10500,'Pottery',246),(10511,'Pottery',246),(10514,'Pottery',246),(10900,'Pottery',246),(11000,'Pottery',246),(10500,'Pottery',248),(10511,'Pottery',248),(10900,'Pottery',248),(11000,'Pottery',248),(10500,'Pottery',249),(10511,'Pottery',249),(10517,'Pottery',249),(10521,'Pottery',249),(10900,'Pottery',249),(11000,'Pottery',249),(10900,'Pottery',251),(11000,'Pottery',251),(10900,'Pottery',255),(11000,'Pottery',255),(10300,'Pottery',259),(10400,'Pottery',259),(10500,'Pottery',259),(10511,'Pottery',259),(10514,'Pottery',259),(10700,'Pottery',259),(11200,'Pottery',259),(10500,'Pottery',260),(10511,'Pottery',260),(10900,'Pottery',260),(11000,'Pottery',260),(11200,'Pottery',260),(10500,'Pottery',261),(10511,'Pottery',261),(10500,'Pottery',262),(10521,'Pottery',262),(10300,'Pottery',266),(10400,'Pottery',266),(10900,'Pottery',266),(11000,'Pottery',266),(10500,'Pottery',272),(10511,'Pottery',272),(10512,'Pottery',272),(11300,'Pottery',272),(11400,'Pottery',272),(10400,'Pottery',274),(10500,'Pottery',274),(10511,'Pottery',274),(10900,'Pottery',274),(11000,'Pottery',274),(10300,'Pottery',275),(10400,'Pottery',275),(10500,'Pottery',275),(10511,'Pottery',275),(10512,'Pottery',275),(10514,'Pottery',275),(11200,'Pottery',275),(10500,'Pottery',277),(10511,'Pottery',277),(11200,'Pottery',277),(10500,'Pottery',283),(10514,'Pottery',283),(10500,'Pottery',287),(10511,'Pottery',287),(10500,'Pottery',288),(10511,'Pottery',288),(10500,'Pottery',292),(10511,'Pottery',292),(10900,'Pottery',293),(11000,'Pottery',293),(11200,'Pottery',293),(10400,'Pottery',294),(10500,'Pottery',294),(10511,'Pottery',294),(10900,'Pottery',294),(11000,'Pottery',294),(10400,'Pottery',295),(10500,'Pottery',295),(10511,'Pottery',295),(10900,'Pottery',295),(11000,'Pottery',295),(11200,'Pottery',295),(10400,'Pottery',298),(10500,'Pottery',298),(10511,'Pottery',298),(10400,'Pottery',299),(10500,'Pottery',299),(10511,'Pottery',299),(10900,'Pottery',302),(11000,'Pottery',302),(10500,'Pottery',304),(10511,'Pottery',304),(11200,'Pottery',304),(11200,'Pottery',307),(10400,'Pottery',313),(10500,'Pottery',313),(10511,'Pottery',313),(10514,'Pottery',313),(10500,'Pottery',320),(10514,'Pottery',320),(10517,'Pottery',320),(10500,'Pottery',321),(10511,'Pottery',321),(10512,'Pottery',321),(10513,'Pottery',321),(10514,'Pottery',321),(10517,'Pottery',321),(10500,'Pottery',322),(10511,'Pottery',322),(10513,'Pottery',322),(10514,'Pottery',322),(10517,'Pottery',322),(10400,'Pottery',323),(10500,'Pottery',323),(10511,'Pottery',323),(10517,'Pottery',323),(10400,'Pottery',324),(10500,'Pottery',324),(10511,'Pottery',324),(10300,'Pottery',325),(10400,'Pottery',325),(10500,'Pottery',325),(10511,'Pottery',325),(10512,'Pottery',325),(10517,'Pottery',325),(10500,'Pottery',326),(10511,'Pottery',326),(10512,'Pottery',326),(10300,'Pottery',327),(10400,'Pottery',327),(10500,'Pottery',327),(10511,'Pottery',327),(10512,'Pottery',327),(10513,'Pottery',327),(10514,'Pottery',327),(10300,'Pottery',328),(10314,'Pottery',328),(10400,'Pottery',328),(10500,'Pottery',328),(10511,'Pottery',328),(10512,'Pottery',328),(10300,'Pottery',329),(10314,'Pottery',329),(10400,'Pottery',329),(10500,'Pottery',329),(10511,'Pottery',329),(10517,'Pottery',329),(10900,'Pottery',329),(11000,'Pottery',329),(10400,'Pottery',330),(10500,'Pottery',330),(10511,'Pottery',330),(10500,'Pottery',331),(10511,'Pottery',331),(10513,'Pottery',331),(10514,'Pottery',331),(10500,'Pottery',333),(10511,'Pottery',333),(10512,'Pottery',333),(10514,'Pottery',333),(10517,'Pottery',333),(10500,'Pottery',334),(10511,'Pottery',334),(10514,'Pottery',334),(10300,'Pottery',336),(10400,'Pottery',336),(10500,'Pottery',336),(10511,'Pottery',336),(10512,'Pottery',336),(10513,'Pottery',336),(10514,'Pottery',336),(10500,'Pottery',337),(10511,'Pottery',337),(10512,'Pottery',337),(10500,'Pottery',338),(10514,'Pottery',338),(10500,'Pottery',339),(10511,'Pottery',339),(10514,'Pottery',339),(10517,'Pottery',339),(10500,'Pottery',342),(10512,'Pottery',342),(10517,'Pottery',342),(10400,'Pottery',343),(10500,'Pottery',343),(10511,'Pottery',343),(10514,'Pottery',343),(10300,'Pottery',344),(10500,'Pottery',344),(10511,'Pottery',344),(10514,'Pottery',344),(10400,'Pottery',345),(10500,'Pottery',345),(10511,'Pottery',345),(10500,'Pottery',346),(10511,'Pottery',346),(10300,'Pottery',347),(10314,'Pottery',347),(10500,'Pottery',347),(10511,'Pottery',347),(10500,'Pottery',348),(10511,'Pottery',348),(10512,'Pottery',348),(10500,'Pottery',349),(10513,'Pottery',349),(10514,'Pottery',349),(10500,'Pottery',350),(10512,'Pottery',350),(10400,'Pottery',351),(10500,'Pottery',351),(10511,'Pottery',351),(10900,'Pottery',351),(11300,'Pottery',351),(11400,'Pottery',351),(10400,'Pottery',352),(10500,'Pottery',352),(10514,'Pottery',352),(10900,'Pottery',352),(11000,'Pottery',352),(10500,'Pottery',354),(10511,'Pottery',354),(10512,'Pottery',354),(10513,'Pottery',354),(10514,'Pottery',354),(10517,'Pottery',354),(10500,'Pottery',355),(10511,'Pottery',355),(10517,'Pottery',355),(10600,'Pottery',355),(10700,'Pottery',355),(10900,'Pottery',355),(11000,'Pottery',355),(11400,'Pottery',355),(10500,'Pottery',356),(10511,'Pottery',356),(10513,'Pottery',356),(10517,'Pottery',356),(10700,'Pottery',356),(10900,'Pottery',356),(11000,'Pottery',356),(10500,'Pottery',357),(10511,'Pottery',357),(10513,'Pottery',357),(10514,'Pottery',357),(10517,'Pottery',357),(10500,'Pottery',358),(10511,'Pottery',358),(10514,'Pottery',358),(10900,'Pottery',358),(11000,'Pottery',358),(10500,'Pottery',359),(10511,'Pottery',359),(10900,'Pottery',359),(11000,'Pottery',359),(10500,'Pottery',360),(10514,'Pottery',360),(10900,'Pottery',360),(11000,'Pottery',360),(10400,'Pottery',361),(10500,'Pottery',361),(10511,'Pottery',361),(10515,'Pottery',361),(10517,'Pottery',361),(10500,'Pottery',362),(10511,'Pottery',362),(10512,'Pottery',362),(10900,'Pottery',362),(11000,'Pottery',362),(10400,'Pottery',363),(10500,'Pottery',363),(10511,'Pottery',363),(10513,'Pottery',363),(10514,'Pottery',363),(10517,'Pottery',363),(10400,'Pottery',364),(10500,'Pottery',364),(10511,'Pottery',364),(10514,'Pottery',364),(10900,'Pottery',364),(11000,'Pottery',364),(10300,'Pottery',365),(10314,'Pottery',365),(10500,'Pottery',365),(10514,'Pottery',365),(10300,'Pottery',366),(10314,'Pottery',366),(10500,'Pottery',366),(10517,'Pottery',366),(10900,'Pottery',366),(11000,'Pottery',366),(10400,'Pottery',367),(10500,'Pottery',367),(10511,'Pottery',367),(10512,'Pottery',367),(10514,'Pottery',367),(10600,'Pottery',367),(10612,'Pottery',367),(10900,'Pottery',367),(11000,'Pottery',367),(10300,'Pottery',368),(10314,'Pottery',368),(10500,'Pottery',370),(10514,'Pottery',370),(10517,'Pottery',370),(10900,'Pottery',370),(11000,'Pottery',370),(10500,'Pottery',371),(10511,'Pottery',371),(10514,'Pottery',371),(10900,'Pottery',371),(11000,'Pottery',371),(10500,'Pottery',372),(10511,'Pottery',372),(10400,'Pottery',373),(10500,'Pottery',373),(10511,'Pottery',373),(10514,'Pottery',373),(10500,'Pottery',374),(10511,'Pottery',374),(10514,'Pottery',374),(10600,'Pottery',374),(10622,'Pottery',374),(10500,'Pottery',375),(10511,'Pottery',375),(10500,'Pottery',376),(10511,'Pottery',376),(10514,'Pottery',376),(10600,'Pottery',376),(10500,'Pottery',377),(10511,'Pottery',377),(10513,'Pottery',377),(10514,'Pottery',377),(10600,'Pottery',377),(10900,'Pottery',377),(11000,'Pottery',377),(10400,'Pottery',378),(10500,'Pottery',378),(10511,'Pottery',378),(10500,'Pottery',380),(10512,'Pottery',380),(10513,'Pottery',380),(10514,'Pottery',380),(10400,'Pottery',381),(10500,'Pottery',381),(10511,'Pottery',381),(10514,'Pottery',381),(10517,'Pottery',381),(10500,'Pottery',382),(10511,'Pottery',382),(10514,'Pottery',382),(10400,'Pottery',383),(10500,'Pottery',383),(10511,'Pottery',383),(10512,'Pottery',383),(10514,'Pottery',383),(10517,'Pottery',383),(10300,'Pottery',385),(10400,'Pottery',385),(10500,'Pottery',385),(10511,'Pottery',385),(10513,'Pottery',385),(10514,'Pottery',385),(10300,'Pottery',386),(10400,'Pottery',386),(10500,'Pottery',386),(10511,'Pottery',386),(10514,'Pottery',386),(10400,'Pottery',387),(10500,'Pottery',387),(10511,'Pottery',387),(10512,'Pottery',387),(10513,'Pottery',387),(10514,'Pottery',387),(10300,'Pottery',388),(10400,'Pottery',388),(10500,'Pottery',388),(10511,'Pottery',388),(10512,'Pottery',388),(10514,'Pottery',388),(10400,'Pottery',389),(10500,'Pottery',389),(10511,'Pottery',389),(10513,'Pottery',389),(10514,'Pottery',389),(10521,'Pottery',389),(10500,'Pottery',390),(10511,'Pottery',390),(10514,'Pottery',390),(10300,'Pottery',391),(10400,'Pottery',391),(10500,'Pottery',391),(10511,'Pottery',391),(10514,'Pottery',391),(10300,'Pottery',392),(10400,'Pottery',392),(10500,'Pottery',392),(10511,'Pottery',392),(10514,'Pottery',392),(10500,'Pottery',393),(10514,'Pottery',393),(10300,'Pottery',395),(10400,'Pottery',395),(10500,'Pottery',395),(10511,'Pottery',395),(10512,'Pottery',395),(10513,'Pottery',395),(11000,'Pottery',395),(10500,'Pottery',397),(10512,'Pottery',397),(10514,'Pottery',397),(10900,'Pottery',397),(11000,'Pottery',397),(10400,'Pottery',398),(10500,'Pottery',398),(10512,'Pottery',398),(10514,'Pottery',398),(10600,'Pottery',398),(10622,'Pottery',398),(10300,'Pottery',399),(10314,'Pottery',399),(10500,'Pottery',399),(10511,'Pottery',399),(10400,'Pottery',400),(10500,'Pottery',400),(10511,'Pottery',400),(10514,'Pottery',400),(10517,'Pottery',400),(10900,'Pottery',400),(11000,'Pottery',400),(10500,'Pottery',401),(10511,'Pottery',401),(10514,'Pottery',401),(10700,'Pottery',401),(10300,'Pottery',402),(10400,'Pottery',402),(10500,'Pottery',402),(10511,'Pottery',402),(10512,'Pottery',402),(10514,'Pottery',402),(10517,'Pottery',402),(10521,'Pottery',402),(10500,'Pottery',403),(10511,'Pottery',403),(10900,'Pottery',403),(11000,'Pottery',403),(10500,'Pottery',404),(10511,'Pottery',404),(10500,'Pottery',405),(10511,'Pottery',405),(10512,'Pottery',405),(10514,'Pottery',405),(10400,'Pottery',406),(10500,'Pottery',406),(10511,'Pottery',406),(10514,'Pottery',406),(10517,'Pottery',406),(10500,'Pottery',407),(10511,'Pottery',407),(10514,'Pottery',407),(10500,'Pottery',408),(10511,'Pottery',408),(10514,'Pottery',408),(10400,'Pottery',409),(10500,'Pottery',409),(10511,'Pottery',409),(10514,'Pottery',409),(10500,'Pottery',410),(10511,'Pottery',410),(10513,'Pottery',410),(10514,'Pottery',410),(10517,'Pottery',410),(10700,'Pottery',410),(10400,'Pottery',411),(10500,'Pottery',411),(10511,'Pottery',411),(10513,'Pottery',411),(10514,'Pottery',411),(10517,'Pottery',411),(10500,'Pottery',412),(10511,'Pottery',412),(10513,'Pottery',412),(10514,'Pottery',412),(10600,'Pottery',412),(10622,'Pottery',412),(10600,'Pottery',413),(10622,'Pottery',413),(10500,'Pottery',414),(10511,'Pottery',414),(10512,'Pottery',414),(10514,'Pottery',414),(10500,'Pottery',416),(10512,'Pottery',416),(10500,'Pottery',417),(10511,'Pottery',417),(10600,'Pottery',418),(10612,'Pottery',418),(10622,'Pottery',418),(10300,'Pottery',419),(10400,'Pottery',419),(10500,'Pottery',419),(10511,'Pottery',419),(10513,'Pottery',419),(10517,'Pottery',419),(10400,'Pottery',421),(10500,'Pottery',421),(10511,'Pottery',421),(10513,'Pottery',421),(10514,'Pottery',421),(10400,'Pottery',422),(10500,'Pottery',422),(10511,'Pottery',422),(10513,'Pottery',422),(10514,'Pottery',422),(10517,'Pottery',422),(10400,'Pottery',423),(10500,'Pottery',423),(10511,'Pottery',423),(10512,'Pottery',423),(10513,'Pottery',423),(10514,'Pottery',423),(10517,'Pottery',423),(10522,'Pottery',423),(10300,'Pottery',424),(10314,'Pottery',424),(10500,'Pottery',424),(10511,'Pottery',424),(10512,'Pottery',424),(10514,'Pottery',424),(10400,'Pottery',425),(10500,'Pottery',425),(10511,'Pottery',425),(10512,'Pottery',425),(10513,'Pottery',425),(10514,'Pottery',425),(10900,'Pottery',425),(11000,'Pottery',425),(10500,'Pottery',426),(10511,'Pottery',426),(10514,'Pottery',426),(10500,'Pottery',427),(10511,'Pottery',427),(10517,'Pottery',427),(10500,'Pottery',428),(10514,'Pottery',428),(10900,'Pottery',428),(11000,'Pottery',428),(10500,'Pottery',430),(10511,'Pottery',430),(10500,'Pottery',434),(10521,'Pottery',434),(10600,'Pottery',434),(10612,'Pottery',434),(10900,'Pottery',434),(11000,'Pottery',434),(11200,'Pottery',434),(10400,'Pottery',442),(10500,'Pottery',442),(10511,'Pottery',442),(11200,'Pottery',442),(10500,'Pottery',443),(10514,'Pottery',443),(10300,'Pottery',447),(10314,'Pottery',447),(10500,'Pottery',447),(10511,'Pottery',447),(11400,'Pottery',447),(10300,'Pottery',448),(10400,'Pottery',448),(10500,'Pottery',448),(10511,'Pottery',448),(10512,'Pottery',448),(10517,'Pottery',448),(10900,'Pottery',448),(11000,'Pottery',448),(11400,'Pottery',448),(10500,'Pottery',449),(10511,'Pottery',449),(10900,'Pottery',449),(11000,'Pottery',449),(10400,'Pottery',451),(10500,'Pottery',451),(10511,'Pottery',451),(10900,'Pottery',451),(11000,'Pottery',451),(10400,'Pottery',453),(10500,'Pottery',453),(10511,'Pottery',453),(10512,'Pottery',453),(10513,'Pottery',453),(10514,'Pottery',453),(10500,'Pottery',456),(10511,'Pottery',456),(10513,'Pottery',456),(10514,'Pottery',456),(10900,'Pottery',456),(11000,'Pottery',456),(10500,'Pottery',457),(10511,'Pottery',457),(10514,'Pottery',457),(10521,'Pottery',457),(10500,'Pottery',458),(10512,'Pottery',458),(10514,'Pottery',458),(11200,'Pottery',460),(10400,'Pottery',462),(10900,'Pottery',462),(11000,'Pottery',462),(10400,'Pottery',463),(10500,'Pottery',463),(10511,'Pottery',463),(11200,'Pottery',463),(10400,'Pottery',464),(10500,'Pottery',464),(10511,'Pottery',464),(10700,'Pottery',464),(10900,'Pottery',464),(11000,'Pottery',464),(11200,'Pottery',464),(10400,'Pottery',467),(10500,'Pottery',467),(10511,'Pottery',467),(10514,'Pottery',467),(10600,'Pottery',467),(10621,'Pottery',467),(10900,'Pottery',467),(11000,'Pottery',467),(10400,'Pottery',468),(10500,'Pottery',468),(10511,'Pottery',468),(10514,'Pottery',468),(10900,'Pottery',468),(11000,'Pottery',468),(10500,'Pottery',469),(10511,'Pottery',469),(10900,'Pottery',469),(11000,'Pottery',469),(10400,'Pottery',470),(10500,'Pottery',470),(10511,'Pottery',470),(10300,'Pottery',471),(10314,'Pottery',471),(10400,'Pottery',471),(10500,'Pottery',471),(10511,'Pottery',471),(10514,'Pottery',471),(10500,'Pottery',473),(10511,'Pottery',473),(10700,'Pottery',473),(10500,'Pottery',475),(10511,'Pottery',475),(10514,'Pottery',475),(10600,'Pottery',475),(10700,'Pottery',475),(10900,'Pottery',475),(11000,'Pottery',475),(10300,'Pottery',477),(10400,'Pottery',477),(10900,'Pottery',477),(11000,'Pottery',477),(11200,'Pottery',477),(11200,'Pottery',480),(10400,'Pottery',481),(10500,'Pottery',481),(10511,'Pottery',481),(10500,'Pottery',482),(10511,'Pottery',482),(10900,'Pottery',482),(11000,'Pottery',482),(10500,'Pottery',483),(10511,'Pottery',483),(10514,'Pottery',483),(11200,'Pottery',483),(10900,'Pottery',484),(11000,'Pottery',484),(11200,'Pottery',484),(11200,'Pottery',487),(10400,'Pottery',488),(10500,'Pottery',488),(10511,'Pottery',488),(10514,'Pottery',488),(10700,'Pottery',488),(10900,'Pottery',489),(11000,'Pottery',489),(10500,'Pottery',490),(10511,'Pottery',490),(10300,'Pottery',492),(10400,'Pottery',492),(10500,'Pottery',492),(10512,'Pottery',492),(10900,'Pottery',492),(11000,'Pottery',492),(10500,'Pottery',493),(10511,'Pottery',493),(11200,'Pottery',494),(11200,'Pottery',495),(11200,'Pottery',499),(10300,'Pottery',500),(10400,'Pottery',500),(10500,'Pottery',500),(10511,'Pottery',500),(11200,'Pottery',500),(10300,'Pottery',501),(10400,'Pottery',501),(10500,'Pottery',501),(10512,'Pottery',501),(10500,'Pottery',503),(10514,'Pottery',503),(10300,'Pottery',504),(10314,'Pottery',504),(10500,'Pottery',504),(10512,'Pottery',504),(11300,'Pottery',504),(10400,'Pottery',509),(10500,'Pottery',509),(10514,'Pottery',509),(10517,'Pottery',509),(10900,'Pottery',509),(11000,'Pottery',509),(10300,'Pottery',511),(10314,'Pottery',511),(10500,'Pottery',511),(10514,'Pottery',511),(10500,'Pottery',512),(10514,'Pottery',512),(10600,'Pottery',512),(10612,'Pottery',512),(11300,'Pottery',512),(10500,'Pottery',513),(10511,'Pottery',513),(10513,'Pottery',513),(10514,'Pottery',513),(10500,'Pottery',514),(10514,'Pottery',514),(10517,'Pottery',514),(10500,'Pottery',515),(10514,'Pottery',515),(10517,'Pottery',515),(10521,'Pottery',515),(10500,'Pottery',516),(10511,'Pottery',516),(10512,'Pottery',516),(10514,'Pottery',516),(10517,'Pottery',516),(10600,'Pottery',516),(10500,'Pottery',517),(10511,'Pottery',517),(10512,'Pottery',517),(10515,'Pottery',517),(10400,'Pottery',518),(10500,'Pottery',518),(10511,'Pottery',518),(10512,'Pottery',518),(10513,'Pottery',518),(10514,'Pottery',518),(10517,'Pottery',518),(10500,'Pottery',520),(10511,'Pottery',520),(10514,'Pottery',520),(10400,'Pottery',521),(10500,'Pottery',521),(10511,'Pottery',521),(10513,'Pottery',521),(10514,'Pottery',521),(10300,'Pottery',522),(10400,'Pottery',522),(10500,'Pottery',522),(10511,'Pottery',522),(10512,'Pottery',522),(10513,'Pottery',522),(10514,'Pottery',522),(10900,'Pottery',522),(11000,'Pottery',522),(10500,'Pottery',523),(10511,'Pottery',523),(10512,'Pottery',523),(10513,'Pottery',523),(10514,'Pottery',523),(10500,'Pottery',524),(10511,'Pottery',524),(10513,'Pottery',524),(10514,'Pottery',524),(10515,'Pottery',524),(10517,'Pottery',524),(10300,'Pottery',525),(10400,'Pottery',525),(10500,'Pottery',525),(10511,'Pottery',525),(10512,'Pottery',525),(10513,'Pottery',525),(10514,'Pottery',525),(10517,'Pottery',525),(10500,'Pottery',526),(10511,'Pottery',526),(10517,'Pottery',526),(10500,'Pottery',527),(10514,'Pottery',527),(10517,'Pottery',527),(10500,'Pottery',528),(10511,'Pottery',528),(10512,'Pottery',528),(10513,'Pottery',528),(10514,'Pottery',528),(10300,'Pottery',529),(10314,'Pottery',529),(10400,'Pottery',529),(10500,'Pottery',529),(10511,'Pottery',529),(10512,'Pottery',529),(10514,'Pottery',529),(10517,'Pottery',529),(10521,'Pottery',529),(10300,'Pottery',530),(10400,'Pottery',530),(10500,'Pottery',530),(10511,'Pottery',530),(10512,'Pottery',530),(10513,'Pottery',530),(10514,'Pottery',530),(10300,'Pottery',531),(10400,'Pottery',531),(10500,'Pottery',532),(10511,'Pottery',532),(10512,'Pottery',532),(10513,'Pottery',532),(10514,'Pottery',532),(10517,'Pottery',532),(10900,'Pottery',532),(11000,'Pottery',532),(10500,'Pottery',533),(10511,'Pottery',533),(10512,'Pottery',533),(10900,'Pottery',533),(11000,'Pottery',533),(10400,'Pottery',534),(10500,'Pottery',534),(10511,'Pottery',534),(10900,'Pottery',534),(11000,'Pottery',534),(10900,'Pottery',535),(11000,'Pottery',535),(10400,'Pottery',536),(10500,'Pottery',536),(10511,'Pottery',536),(10400,'Pottery',537),(10500,'Pottery',537),(10511,'Pottery',537),(10514,'Pottery',537),(10517,'Pottery',537),(10400,'Pottery',538),(10500,'Pottery',538),(10511,'Pottery',538),(10517,'Pottery',538),(10500,'Pottery',539),(10513,'Pottery',539),(10514,'Pottery',539),(10500,'Pottery',540),(10511,'Pottery',540),(10514,'Pottery',540),(11200,'Pottery',540),(10400,'Pottery',541),(10500,'Pottery',541),(10511,'Pottery',541),(10512,'Pottery',541),(10513,'Pottery',541),(10514,'Pottery',541),(10900,'Pottery',541),(11000,'Pottery',541),(10300,'Pottery',542),(10500,'Pottery',542),(10511,'Pottery',542),(10514,'Pottery',542),(10517,'Pottery',542),(10500,'Pottery',543),(10511,'Pottery',543),(10513,'Pottery',543),(10514,'Pottery',543),(10517,'Pottery',543),(10500,'Pottery',544),(10511,'Pottery',544),(10512,'Pottery',544),(10514,'Pottery',544),(10517,'Pottery',544),(10900,'Pottery',544),(11000,'Pottery',544),(10500,'Pottery',545),(10511,'Pottery',545),(10514,'Pottery',545),(10300,'Pottery',548),(10400,'Pottery',548),(10500,'Pottery',548),(10511,'Pottery',548),(10512,'Pottery',548),(10513,'Pottery',548),(10514,'Pottery',548),(10517,'Pottery',548),(10400,'Pottery',549),(10500,'Pottery',549),(10511,'Pottery',549),(10513,'Pottery',549),(10514,'Pottery',549),(10400,'Pottery',550),(10500,'Pottery',550),(10511,'Pottery',550),(10512,'Pottery',550),(10513,'Pottery',550),(10514,'Pottery',550),(10700,'Pottery',550),(10400,'Pottery',551),(10500,'Pottery',551),(10511,'Pottery',551),(10513,'Pottery',551),(10514,'Pottery',551),(10400,'Pottery',553),(10500,'Pottery',553),(10514,'Pottery',553),(10400,'Pottery',554),(10500,'Pottery',554),(10511,'Pottery',554),(10512,'Pottery',554),(11000,'Pottery',554),(10500,'Pottery',555),(10513,'Pottery',555),(10514,'Pottery',555),(10600,'Pottery',555),(10622,'Pottery',555),(10500,'Pottery',556),(10511,'Pottery',556),(10514,'Pottery',556),(10500,'Pottery',557),(10511,'Pottery',557),(10514,'Pottery',557),(10900,'Pottery',557),(11000,'Pottery',557),(10300,'Pottery',558),(10400,'Pottery',558),(10500,'Pottery',558),(10511,'Pottery',558),(10514,'Pottery',558),(10400,'Pottery',559),(10500,'Pottery',559),(10511,'Pottery',559),(10513,'Pottery',559),(10514,'Pottery',559),(10517,'Pottery',559),(10521,'Pottery',559),(10700,'Pottery',559),(11300,'Pottery',559),(11400,'Pottery',559),(10400,'Pottery',560),(10500,'Pottery',560),(10511,'Pottery',560),(10513,'Pottery',560),(10514,'Pottery',560),(10900,'Pottery',560),(11000,'Pottery',560),(11300,'Pottery',560),(11400,'Pottery',560),(10500,'Pottery',561),(10511,'Pottery',561),(10513,'Pottery',561),(10514,'Pottery',561),(10900,'Pottery',561),(11000,'Pottery',561),(10500,'Pottery',562),(10511,'Pottery',562),(10517,'Pottery',562),(10700,'Pottery',562),(10900,'Pottery',562),(11000,'Pottery',562),(10300,'Pottery',563),(10314,'Pottery',563),(10500,'Pottery',563),(10511,'Pottery',563),(10517,'Pottery',563),(10300,'Pottery',564),(10314,'Pottery',564),(10500,'Pottery',564),(10511,'Pottery',564),(10514,'Pottery',564),(10700,'Pottery',564),(10300,'Pottery',565),(10400,'Pottery',565),(10500,'Pottery',565),(10511,'Pottery',565),(10514,'Pottery',565),(11400,'Pottery',565),(10300,'Pottery',566),(10314,'Pottery',566),(10400,'Pottery',566),(10500,'Pottery',566),(10511,'Pottery',566),(10512,'Pottery',566),(10513,'Pottery',566),(10514,'Pottery',566),(10900,'Pottery',566),(11000,'Pottery',566),(10500,'Pottery',568),(10511,'Pottery',568),(10512,'Pottery',568),(10513,'Pottery',568),(10514,'Pottery',568),(10900,'Pottery',568),(11000,'Pottery',568),(10500,'Pottery',570),(10511,'Pottery',570),(10500,'Pottery',571),(10511,'Pottery',571),(10513,'Pottery',571),(10514,'Pottery',571),(10400,'Pottery',572),(10500,'Pottery',572),(10511,'Pottery',572),(10900,'Pottery',572),(11000,'Pottery',572),(10400,'Pottery',573),(10500,'Pottery',573),(10511,'Pottery',573),(10500,'Pottery',574),(10511,'Pottery',574),(10500,'Pottery',576),(10511,'Pottery',576),(10500,'Pottery',577),(10511,'Pottery',577),(10513,'Pottery',577),(10514,'Pottery',577),(10400,'Pottery',578),(10500,'Pottery',578),(10511,'Pottery',578),(10517,'Pottery',578),(10521,'Pottery',578),(10600,'Pottery',578),(10612,'Pottery',578),(10300,'Pottery',579),(10314,'Pottery',579),(10500,'Pottery',579),(10511,'Pottery',579),(10517,'Pottery',579),(10521,'Pottery',579),(10600,'Pottery',579),(10622,'Pottery',579),(10700,'Pottery',579),(10900,'Pottery',579),(11000,'Pottery',579),(10500,'Pottery',580),(10511,'Pottery',580),(10517,'Pottery',580),(10900,'Pottery',580),(11000,'Pottery',580),(10500,'Pottery',581),(10511,'Pottery',581),(10600,'Pottery',581),(10622,'Pottery',581),(10900,'Pottery',581),(11000,'Pottery',581),(10400,'Pottery',582),(10500,'Pottery',582),(10511,'Pottery',582),(10517,'Pottery',582),(10600,'Pottery',582),(10622,'Pottery',582),(10700,'Pottery',582),(10900,'Pottery',582),(11000,'Pottery',582),(11200,'Pottery',582),(10300,'Pottery',583),(10314,'Pottery',583),(10400,'Pottery',583),(10500,'Pottery',583),(10511,'Pottery',583),(10514,'Pottery',583),(10900,'Pottery',583),(11000,'Pottery',583),(11200,'Pottery',583),(10300,'Pottery',584),(10314,'Pottery',584),(10400,'Pottery',584),(10500,'Pottery',584),(10511,'Pottery',584),(10514,'Pottery',584),(10900,'Pottery',584),(11000,'Pottery',584),(10500,'Pottery',585),(10511,'Pottery',585),(10517,'Pottery',585),(10521,'Pottery',585),(10400,'Pottery',586),(10500,'Pottery',586),(10511,'Pottery',586),(10514,'Pottery',586),(10517,'Pottery',586),(10521,'Pottery',586),(10900,'Pottery',586),(11000,'Pottery',586),(10500,'Pottery',587),(10511,'Pottery',587),(10900,'Pottery',587),(11000,'Pottery',587),(11200,'Pottery',587),(10500,'Pottery',588),(10511,'Pottery',588),(10700,'Pottery',588),(10500,'Pottery',590),(10511,'Pottery',590),(10514,'Pottery',590),(10517,'Pottery',590),(10900,'Pottery',590),(11000,'Pottery',590),(10400,'Pottery',591),(10500,'Pottery',591),(10511,'Pottery',591),(10700,'Pottery',591),(11200,'Pottery',591),(10500,'Pottery',592),(10511,'Pottery',592),(10514,'Pottery',592),(10517,'Pottery',592),(10521,'Pottery',592),(10700,'Pottery',592),(10400,'Pottery',593),(10500,'Pottery',593),(10511,'Pottery',593),(10514,'Pottery',593),(10517,'Pottery',593),(10521,'Pottery',593),(10900,'Pottery',593),(11000,'Pottery',593),(11200,'Pottery',593),(10300,'Pottery',594),(10314,'Pottery',594),(10400,'Pottery',594),(10500,'Pottery',594),(10511,'Pottery',594),(10512,'Pottery',594),(10513,'Pottery',594),(10514,'Pottery',594),(10517,'Pottery',594),(10521,'Pottery',594),(10700,'Pottery',594),(10900,'Pottery',594),(11000,'Pottery',594),(10400,'Pottery',595),(10500,'Pottery',595),(10511,'Pottery',595),(10514,'Pottery',595),(10517,'Pottery',595),(10521,'Pottery',595),(10400,'Pottery',598),(10500,'Pottery',598),(10511,'Pottery',598),(10900,'Pottery',598),(11000,'Pottery',598),(10500,'Pottery',600),(10511,'Pottery',600),(10513,'Pottery',600),(10514,'Pottery',600),(10900,'Pottery',600),(11000,'Pottery',600),(10300,'Pottery',601),(10314,'Pottery',601),(10400,'Pottery',601),(10500,'Pottery',601),(10511,'Pottery',601),(10517,'Pottery',601),(10900,'Pottery',601),(11000,'Pottery',601),(10300,'Pottery',602),(10314,'Pottery',602),(10400,'Pottery',602),(10500,'Pottery',602),(10511,'Pottery',602),(10513,'Pottery',602),(10514,'Pottery',602),(10600,'Pottery',602),(10622,'Pottery',602),(10700,'Pottery',602),(10900,'Pottery',602),(11000,'Pottery',602),(10400,'Pottery',603),(10500,'Pottery',603),(10511,'Pottery',603),(10514,'Pottery',603),(10516,'Pottery',603),(10517,'Pottery',603),(10521,'Pottery',603),(10900,'Pottery',603),(11000,'Pottery',603),(10400,'Pottery',604),(10500,'Pottery',604),(10511,'Pottery',604),(10517,'Pottery',604),(10600,'Pottery',604),(10622,'Pottery',604),(10900,'Pottery',604),(11000,'Pottery',604),(10400,'Pottery',605),(10500,'Pottery',605),(10511,'Pottery',605),(10400,'Pottery',606),(10500,'Pottery',606),(10511,'Pottery',606),(10514,'Pottery',606),(10517,'Pottery',606),(10521,'Pottery',606),(10900,'Pottery',606),(11000,'Pottery',606),(11300,'Pottery',606),(11400,'Pottery',606),(10500,'Pottery',607),(10511,'Pottery',607),(10900,'Pottery',607),(11000,'Pottery',607),(10500,'Pottery',608),(10511,'Pottery',608),(10517,'Pottery',608),(10900,'Pottery',608),(11000,'Pottery',608),(11200,'Pottery',608),(10500,'Pottery',609),(10517,'Pottery',609),(10400,'Pottery',610),(10500,'Pottery',610),(10511,'Pottery',610),(10517,'Pottery',610),(10700,'Pottery',610),(10900,'Pottery',610),(11000,'Pottery',610),(10400,'Pottery',611),(10500,'Pottery',611),(10511,'Pottery',611),(10513,'Pottery',611),(10514,'Pottery',611),(10515,'Pottery',611),(10517,'Pottery',611),(10900,'Pottery',611),(11000,'Pottery',611),(10400,'Pottery',612),(10500,'Pottery',612),(10511,'Pottery',612),(10500,'Pottery',613),(10511,'Pottery',613),(10500,'Pottery',622),(10511,'Pottery',622),(10400,'Pottery',625),(10500,'Pottery',630),(10512,'Pottery',630),(10500,'Pottery',631),(10511,'Pottery',631),(10517,'Pottery',631),(10700,'Pottery',631),(10900,'Pottery',631),(10500,'Pottery',632),(10511,'Pottery',632),(10600,'Pottery',632),(10622,'Pottery',632),(10300,'Pottery',633),(10500,'Pottery',633),(10511,'Pottery',633),(10514,'Pottery',633),(10517,'Pottery',633),(10521,'Pottery',633),(10700,'Pottery',633),(10900,'Pottery',633),(11000,'Pottery',633),(10500,'Pottery',634),(10511,'Pottery',634),(10514,'Pottery',634),(10500,'Pottery',635),(10511,'Pottery',635),(10400,'Pottery',636),(10500,'Pottery',636),(10511,'Pottery',636),(10500,'Pottery',637),(10511,'Pottery',637),(10300,'Pottery',638),(10314,'Pottery',638),(10500,'Pottery',638),(10511,'Pottery',638),(10300,'Pottery',639),(10400,'Pottery',639),(10400,'Pottery',640),(10300,'Pottery',642),(10400,'Pottery',642),(10500,'Pottery',642),(10511,'Pottery',642),(10514,'Pottery',642),(10517,'Pottery',642),(10600,'Pottery',642),(10622,'Pottery',642),(10700,'Pottery',642),(10500,'Pottery',644),(10511,'Pottery',644),(10514,'Pottery',644),(10517,'Pottery',644),(10900,'Pottery',644),(11000,'Pottery',644),(10500,'Pottery',646),(10517,'Pottery',646),(10500,'Pottery',647),(10511,'Pottery',647),(10514,'Pottery',647),(10517,'Pottery',647),(10521,'Pottery',647),(10700,'Pottery',647),(10400,'Pottery',648),(10500,'Pottery',648),(10511,'Pottery',648),(10514,'Pottery',648),(10517,'Pottery',648),(10900,'Pottery',648),(11000,'Pottery',648),(10500,'Pottery',649),(10513,'Pottery',649),(10514,'Pottery',649),(10600,'Pottery',649),(10612,'Pottery',649),(10400,'Pottery',650),(10500,'Pottery',650),(10511,'Pottery',650),(10900,'Pottery',650),(11000,'Pottery',650),(10400,'Pottery',651),(10500,'Pottery',653),(10517,'Pottery',653),(10521,'Pottery',653),(10900,'Pottery',653),(11000,'Pottery',653),(10300,'Pottery',655),(10314,'Pottery',655),(10400,'Pottery',655),(10500,'Pottery',655),(10511,'Pottery',655),(10521,'Pottery',655),(10900,'Pottery',655),(11000,'Pottery',655),(10300,'Pottery',656),(10400,'Pottery',656),(10500,'Pottery',656),(10511,'Pottery',656),(10513,'Pottery',656),(10514,'Pottery',656),(10521,'Pottery',656),(10900,'Pottery',656),(11000,'Pottery',656),(10500,'Pottery',657),(10511,'Pottery',657),(10900,'Pottery',657),(11000,'Pottery',657),(11200,'Pottery',657),(10500,'Pottery',658),(10511,'Pottery',658),(10514,'Pottery',658),(10517,'Pottery',658),(10900,'Pottery',658),(11000,'Pottery',658),(11100,'Pottery',658),(10500,'Pottery',659),(10511,'Pottery',659),(10514,'Pottery',659),(10521,'Pottery',659),(10400,'Pottery',660),(10500,'Pottery',660),(10511,'Pottery',660),(10517,'Pottery',660),(10521,'Pottery',660),(10600,'Pottery',660),(10612,'Pottery',660),(10900,'Pottery',660),(11000,'Pottery',660),(11300,'Pottery',660),(10500,'Pottery',661),(10511,'Pottery',661),(10514,'Pottery',661),(10900,'Pottery',661),(11000,'Pottery',661),(10300,'Pottery',662),(10314,'Pottery',662),(10500,'Pottery',662),(10511,'Pottery',662),(10517,'Pottery',662),(10700,'Pottery',662),(10900,'Pottery',662),(11000,'Pottery',662),(10400,'Pottery',663),(10500,'Pottery',663),(10511,'Pottery',663),(10512,'Pottery',663),(10513,'Pottery',663),(10514,'Pottery',663),(10517,'Pottery',663),(10700,'Pottery',663),(10900,'Pottery',663),(11000,'Pottery',663),(10500,'Pottery',664),(10511,'Pottery',664),(10514,'Pottery',664),(10900,'Pottery',664),(11000,'Pottery',664),(10300,'Pottery',665),(10314,'Pottery',665),(10400,'Pottery',665),(10500,'Pottery',665),(10511,'Pottery',665),(10700,'Pottery',665),(10900,'Pottery',665),(11000,'Pottery',665),(10400,'Pottery',667),(10500,'Pottery',667),(10511,'Pottery',667),(10517,'Pottery',667),(10900,'Pottery',667),(11000,'Pottery',667),(10400,'Pottery',668),(10500,'Pottery',668),(10511,'Pottery',668),(10514,'Pottery',668),(10900,'Pottery',668),(11000,'Pottery',668),(10500,'Pottery',669),(10511,'Pottery',669),(10513,'Pottery',669),(10514,'Pottery',669),(10900,'Pottery',669),(11000,'Pottery',669),(10400,'Pottery',670),(10500,'Pottery',670),(10511,'Pottery',670),(10514,'Pottery',670),(10900,'Pottery',670),(11000,'Pottery',670),(10400,'Pottery',671),(10500,'Pottery',671),(10511,'Pottery',671),(10512,'Pottery',671),(10513,'Pottery',671),(10514,'Pottery',671),(10900,'Pottery',671),(11000,'Pottery',671),(10400,'Pottery',672),(10500,'Pottery',672),(10511,'Pottery',672),(10500,'Pottery',673),(10511,'Pottery',673),(10514,'Pottery',673),(10517,'Pottery',673),(10521,'Pottery',673),(10600,'Pottery',673),(10612,'Pottery',673),(10900,'Pottery',673),(11000,'Pottery',673),(10500,'Pottery',674),(10511,'Pottery',674),(10900,'Pottery',674),(11000,'Pottery',674),(10500,'Pottery',675),(10511,'Pottery',675),(10517,'Pottery',675),(10700,'Pottery',675),(10400,'Pottery',676),(10500,'Pottery',676),(10511,'Pottery',676),(10512,'Pottery',676),(10514,'Pottery',676),(10516,'Pottery',676),(10521,'Pottery',676),(10900,'Pottery',676),(11000,'Pottery',676),(10500,'Pottery',677),(10511,'Pottery',677),(10300,'Pottery',678),(10400,'Pottery',678),(10500,'Pottery',678),(10511,'Pottery',678),(10514,'Pottery',678),(10517,'Pottery',678),(10521,'Pottery',678),(10600,'Pottery',678),(10612,'Pottery',678),(10900,'Pottery',678),(11000,'Pottery',678),(10500,'Pottery',679),(10600,'Pottery',679),(10622,'Pottery',679),(10900,'Pottery',679),(11000,'Pottery',679),(10500,'Pottery',680),(10511,'Pottery',680),(10300,'Pottery',681),(10400,'Pottery',681),(10500,'Pottery',681),(10511,'Pottery',681),(10512,'Pottery',681),(10513,'Pottery',681),(10514,'Pottery',681),(10517,'Pottery',681),(10521,'Pottery',681),(10700,'Pottery',681),(10900,'Pottery',681),(11000,'Pottery',681),(10500,'Pottery',682),(10511,'Pottery',682),(10500,'Pottery',683),(10512,'Pottery',683),(10500,'Pottery',684),(10511,'Pottery',684),(10514,'Pottery',684),(10300,'Pottery',685),(10314,'Pottery',685),(10500,'Pottery',685),(10511,'Pottery',685),(10521,'Pottery',685),(10900,'Pottery',685),(10400,'Pottery',686),(10500,'Pottery',686),(10511,'Pottery',686),(10900,'Pottery',686),(11000,'Pottery',686),(10400,'Pottery',687),(10500,'Pottery',687),(10511,'Pottery',687),(10600,'Pottery',687),(10622,'Pottery',687),(10900,'Pottery',687),(11000,'Pottery',687),(10500,'Pottery',688),(10511,'Pottery',688),(10517,'Pottery',688),(10400,'Pottery',689),(10500,'Pottery',689),(10511,'Pottery',689),(10512,'Pottery',689),(10513,'Pottery',689),(10514,'Pottery',689),(10900,'Pottery',689),(11000,'Pottery',689),(10500,'Pottery',690),(10511,'Pottery',690),(10900,'Pottery',690),(11000,'Pottery',690),(10500,'Pottery',691),(10511,'Pottery',691),(10900,'Pottery',691),(11000,'Pottery',691),(10400,'Pottery',693),(10500,'Pottery',693),(10511,'Pottery',693),(10900,'Pottery',693),(11000,'Pottery',693),(10400,'Pottery',694),(10500,'Pottery',694),(10511,'Pottery',694),(11000,'Pottery',694),(11100,'Pottery',694),(10400,'Pottery',695),(10500,'Pottery',695),(10511,'Pottery',695),(10900,'Pottery',695),(11000,'Pottery',695),(10400,'Pottery',696),(10500,'Pottery',696),(10511,'Pottery',696),(10600,'Pottery',696),(10622,'Pottery',696),(10900,'Pottery',696),(11000,'Pottery',696),(10300,'Pottery',697),(10400,'Pottery',697),(10500,'Pottery',697),(10511,'Pottery',697),(10514,'Pottery',697),(10517,'Pottery',697),(10400,'Pottery',698),(10500,'Pottery',698),(10511,'Pottery',698),(10513,'Pottery',698),(10514,'Pottery',698),(10517,'Pottery',698),(10521,'Pottery',698),(10700,'Pottery',698),(10900,'Pottery',698),(11000,'Pottery',698),(10500,'Pottery',699),(10511,'Pottery',699),(10600,'Pottery',699),(10622,'Pottery',699),(10700,'Pottery',699),(10500,'Pottery',700),(10511,'Pottery',700),(10514,'Pottery',700),(10900,'Pottery',700),(11000,'Pottery',700),(10400,'Pottery',701),(10500,'Pottery',701),(10511,'Pottery',701),(10500,'Pottery',704),(10511,'Pottery',704),(10300,'Pottery',705),(10400,'Pottery',705),(10500,'Pottery',705),(10511,'Pottery',705),(10900,'Pottery',705),(11000,'Pottery',705),(10400,'Pottery',706),(10500,'Pottery',706),(10511,'Pottery',706),(10500,'Pottery',707),(10511,'Pottery',707),(10517,'Pottery',707),(10521,'Pottery',707),(10500,'Pottery',708),(10511,'Pottery',708),(10500,'Pottery',710),(10511,'Pottery',710),(10900,'Pottery',710),(11000,'Pottery',710),(10500,'Pottery',711),(10511,'Pottery',711),(10500,'Pottery',712),(10511,'Pottery',712),(10512,'Pottery',712),(10500,'Pottery',713),(10514,'Pottery',713),(10900,'Pottery',713),(11000,'Pottery',713),(10400,'Pottery',714),(10900,'Pottery',714),(11000,'Pottery',714),(10500,'Pottery',719),(10511,'Pottery',719),(10500,'Pottery',723),(10511,'Pottery',723),(10500,'Pottery',725),(10511,'Pottery',725),(10500,'Pottery',727),(10511,'Pottery',727),(10512,'Pottery',727),(10900,'Pottery',727),(11000,'Pottery',727),(10400,'Pottery',728),(10500,'Pottery',728),(10511,'Pottery',728),(10500,'Pottery',729),(10511,'Pottery',729),(10300,'Pottery',730),(10314,'Pottery',730),(10500,'Pottery',730),(10511,'Pottery',730),(10500,'Pottery',732),(10511,'Pottery',732),(10512,'Pottery',732),(10500,'Pottery',734),(10511,'Pottery',734),(10500,'Pottery',735),(10511,'Pottery',735),(10500,'Pottery',737),(10511,'Pottery',737),(10517,'Pottery',737),(10500,'Pottery',741),(10511,'Pottery',741),(10400,'Pottery',742),(10500,'Pottery',742),(10511,'Pottery',742),(10500,'Pottery',743),(10511,'Pottery',743),(10514,'Pottery',743),(10500,'Pottery',744),(10514,'Pottery',744),(10400,'Pottery',745),(10500,'Pottery',745),(10511,'Pottery',745),(10500,'Pottery',746),(10511,'Pottery',746),(10512,'Pottery',746),(10514,'Pottery',746),(10517,'Pottery',746),(10521,'Pottery',746),(10400,'Pottery',752),(10500,'Pottery',752),(10511,'Pottery',752),(10300,'Pottery',753),(10400,'Pottery',753),(10500,'Pottery',756),(10511,'Pottery',756),(10500,'Pottery',758),(10511,'Pottery',758),(10900,'Pottery',758),(11000,'Pottery',758),(10400,'Pottery',759),(10500,'Pottery',759),(10511,'Pottery',759),(10517,'Pottery',759),(10500,'Pottery',760),(10511,'Pottery',760),(10900,'Pottery',760),(11000,'Pottery',760),(10900,'Pottery',762),(11000,'Pottery',762),(10500,'Pottery',763),(10511,'Pottery',763),(10900,'Pottery',763),(11000,'Pottery',763),(10400,'Pottery',764),(10500,'Pottery',764),(10511,'Pottery',764),(10500,'Pottery',765),(10511,'Pottery',765),(10700,'Pottery',765),(10500,'Pottery',767),(10511,'Pottery',767),(10700,'Pottery',771),(11300,'Pottery',771),(11400,'Pottery',771),(10400,'Pottery',772),(10500,'Pottery',773),(10511,'Pottery',773),(10500,'Pottery',777),(10511,'Pottery',777),(11200,'Pottery',777),(10500,'Pottery',779),(10514,'Pottery',779),(10500,'Pottery',780),(10511,'Pottery',780),(10400,'Pottery',782),(10500,'Pottery',782),(10511,'Pottery',782),(10500,'Pottery',784),(10511,'Pottery',784),(10500,'Pottery',787),(10514,'Pottery',787),(10500,'Pottery',788),(10511,'Pottery',788),(10900,'Pottery',788),(11000,'Pottery',788),(11200,'Pottery',788),(10400,'Pottery',792),(10400,'Pottery',793),(10500,'Pottery',793),(10511,'Pottery',793),(10512,'Pottery',793),(10514,'Pottery',793),(10521,'Pottery',793),(10600,'Pottery',793),(10900,'Pottery',793),(11000,'Pottery',793),(10500,'Pottery',794),(10511,'Pottery',794),(10514,'Pottery',794),(10517,'Pottery',794),(10400,'Pottery',795),(10500,'Pottery',795),(10511,'Pottery',795),(10512,'Pottery',795),(10514,'Pottery',795),(10517,'Pottery',795),(10521,'Pottery',795),(10500,'Pottery',797),(10511,'Pottery',797),(10300,'Pottery',798),(10314,'Pottery',798),(10400,'Pottery',798),(10500,'Pottery',798),(10511,'Pottery',798),(10514,'Pottery',798),(10900,'Pottery',798),(11000,'Pottery',798),(10300,'Pottery',799),(10314,'Pottery',799),(10500,'Pottery',799),(10511,'Pottery',799),(10514,'Pottery',799),(10517,'Pottery',799),(10521,'Pottery',799),(10600,'Pottery',799),(10611,'Pottery',799),(10700,'Pottery',799),(10900,'Pottery',799),(11000,'Pottery',799),(10300,'Pottery',801),(10314,'Pottery',801),(10500,'Pottery',801),(10514,'Pottery',801),(10521,'Pottery',801),(10500,'Pottery',803),(10511,'Pottery',803),(10514,'Pottery',803),(10517,'Pottery',803),(10521,'Pottery',803),(10300,'Pottery',804),(10314,'Pottery',804),(10400,'Pottery',804),(10500,'Pottery',804),(10511,'Pottery',804),(10514,'Pottery',804),(10517,'Pottery',804),(10521,'Pottery',804),(10600,'Pottery',804),(10621,'Pottery',804),(10900,'Pottery',804),(11000,'Pottery',804),(10300,'Pottery',805),(10314,'Pottery',805),(10400,'Pottery',805),(10500,'Pottery',805),(10511,'Pottery',805),(10512,'Pottery',805),(10514,'Pottery',805),(10521,'Pottery',805),(10700,'Pottery',805),(10500,'Pottery',806),(10511,'Pottery',806),(10700,'Pottery',806),(10500,'Pottery',809),(10511,'Pottery',809),(10514,'Pottery',809),(10517,'Pottery',809),(10521,'Pottery',809),(10500,'Pottery',810),(10511,'Pottery',810),(10400,'Pottery',811),(10500,'Pottery',811),(10511,'Pottery',811),(10512,'Pottery',811),(10514,'Pottery',811),(10517,'Pottery',811),(10521,'Pottery',811),(10600,'Pottery',811),(10611,'Pottery',811),(10700,'Pottery',811),(10900,'Pottery',811),(11000,'Pottery',811),(10500,'Pottery',816),(10511,'Pottery',816),(10600,'Pottery',816),(10621,'Pottery',816),(10400,'Pottery',817),(10500,'Pottery',817),(10511,'Pottery',817),(10517,'Pottery',817),(11200,'Pottery',819),(10500,'Pottery',821),(10511,'Pottery',821),(10400,'Pottery',822),(10500,'Pottery',822),(10511,'Pottery',822),(10900,'Pottery',822),(11000,'Pottery',822),(10500,'Pottery',823),(10511,'Pottery',823),(10400,'Pottery',824),(10500,'Pottery',824),(10511,'Pottery',824),(10400,'Pottery',827),(10500,'Pottery',827),(10511,'Pottery',827),(10700,'Pottery',827),(11300,'Pottery',827),(11400,'Pottery',827),(10500,'Pottery',829),(10511,'Pottery',829),(10700,'Pottery',829),(10500,'Pottery',830),(10514,'Pottery',830),(10600,'Pottery',830),(10621,'Pottery',830),(10900,'Pottery',830),(11000,'Pottery',830),(10500,'Pottery',831),(10521,'Pottery',831),(10600,'Pottery',831),(10611,'Pottery',831),(10500,'Pottery',832),(10517,'Pottery',832),(10500,'Pottery',833),(10511,'Pottery',833),(11200,'Pottery',833),(10500,'Pottery',834),(10511,'Pottery',834),(10500,'Pottery',836),(10511,'Pottery',836),(10700,'Pottery',836),(11200,'Pottery',836),(10500,'Pottery',837),(10512,'Pottery',837),(10400,'Pottery',838),(10500,'Pottery',838),(10511,'Pottery',838),(10512,'Pottery',838),(10514,'Pottery',838),(10517,'Pottery',838),(10521,'Pottery',838),(10600,'Pottery',838),(10611,'Pottery',838),(10900,'Pottery',838),(11000,'Pottery',838),(11200,'Pottery',838),(10500,'Pottery',839),(10511,'Pottery',839),(10517,'Pottery',839),(10400,'Pottery',840),(10500,'Pottery',840),(10511,'Pottery',840),(10300,'Pottery',841),(10314,'Pottery',841),(10400,'Pottery',841),(10500,'Pottery',841),(10511,'Pottery',841),(10512,'Pottery',841),(10514,'Pottery',841),(10517,'Pottery',841),(10521,'Pottery',841),(10600,'Pottery',841),(10621,'Pottery',841),(10700,'Pottery',841),(10500,'Pottery',842),(10511,'Pottery',842),(10517,'Pottery',842),(10700,'Pottery',842),(10500,'Pottery',843),(10511,'Pottery',843),(10514,'Pottery',843),(10500,'Pottery',844),(10511,'Pottery',844),(10514,'Pottery',844),(10600,'Pottery',844),(10621,'Pottery',844),(10500,'Pottery',845),(10511,'Pottery',845),(10514,'Pottery',845),(10517,'Pottery',845),(10521,'Pottery',845),(10600,'Pottery',845),(10621,'Pottery',845),(10400,'Pottery',846),(10500,'Pottery',846),(10511,'Pottery',846),(10514,'Pottery',846),(10517,'Pottery',846),(10521,'Pottery',846),(10600,'Pottery',846),(10611,'Pottery',846),(10900,'Pottery',846),(11000,'Pottery',846),(10500,'Pottery',847),(10521,'Pottery',847),(10600,'Pottery',847),(10611,'Pottery',847),(10400,'Pottery',848),(10500,'Pottery',848),(10511,'Pottery',848),(10514,'Pottery',848),(10600,'Pottery',848),(10621,'Pottery',848),(10700,'Pottery',848),(11000,'Pottery',848),(11200,'Pottery',848),(10300,'Pottery',849),(10400,'Pottery',849),(10500,'Pottery',849),(10511,'Pottery',849),(10400,'Pottery',851),(10500,'Pottery',851),(10511,'Pottery',851),(10514,'Pottery',851),(10600,'Pottery',851),(10621,'Pottery',851),(10700,'Pottery',851),(10400,'Pottery',852),(10500,'Pottery',852),(10511,'Pottery',852),(10514,'Pottery',852),(10517,'Pottery',852),(10521,'Pottery',852),(10900,'Pottery',852),(11000,'Pottery',852),(10400,'Pottery',853),(10500,'Pottery',853),(10511,'Pottery',853),(10514,'Pottery',853),(10900,'Pottery',853),(11000,'Pottery',853),(10400,'Pottery',854),(10500,'Pottery',854),(10511,'Pottery',854),(10512,'Pottery',854),(10514,'Pottery',854),(10517,'Pottery',854),(10700,'Pottery',854),(10400,'Pottery',855),(10500,'Pottery',855),(10511,'Pottery',855),(10517,'Pottery',855),(10521,'Pottery',855),(10400,'Pottery',856),(10500,'Pottery',856),(10511,'Pottery',856),(10514,'Pottery',856),(10600,'Pottery',856),(10621,'Pottery',856),(10900,'Pottery',856),(11000,'Pottery',856),(10300,'Pottery',857),(10400,'Pottery',857),(10500,'Pottery',857),(10511,'Pottery',857),(10514,'Pottery',857),(10517,'Pottery',857),(10521,'Pottery',857),(10600,'Pottery',857),(10700,'Pottery',857),(11000,'Pottery',857),(11100,'Pottery',857),(10500,'Pottery',858),(10511,'Pottery',858),(10514,'Pottery',858),(11200,'Pottery',858),(10400,'Pottery',859),(10500,'Pottery',859),(10511,'Pottery',859),(10514,'Pottery',859),(10600,'Pottery',859),(10611,'Pottery',859),(10621,'Pottery',859),(10400,'Pottery',860),(10500,'Pottery',860),(10511,'Pottery',860),(10517,'Pottery',860),(10521,'Pottery',860),(10500,'Pottery',861),(10511,'Pottery',861),(10514,'Pottery',861),(10521,'Pottery',861),(10900,'Pottery',861),(11000,'Pottery',861),(10400,'Pottery',862),(10500,'Pottery',862),(10511,'Pottery',862),(10517,'Pottery',862),(10521,'Pottery',862),(10600,'Pottery',862),(10500,'Pottery',863),(10511,'Pottery',863),(10514,'Pottery',863),(10517,'Pottery',863),(10521,'Pottery',863),(10700,'Pottery',863),(10400,'Pottery',864),(10500,'Pottery',864),(10511,'Pottery',864),(10513,'Pottery',864),(10514,'Pottery',864),(10500,'Pottery',865),(10511,'Pottery',865),(10500,'Pottery',866),(10511,'Pottery',866),(10514,'Pottery',866),(10700,'Pottery',866),(10400,'Pottery',867),(10500,'Pottery',867),(10511,'Pottery',867),(10512,'Pottery',867),(10514,'Pottery',867),(10700,'Pottery',867),(10500,'Pottery',868),(10511,'Pottery',868),(10514,'Pottery',868),(10517,'Pottery',868),(10600,'Pottery',868),(10621,'Pottery',868),(10900,'Pottery',868),(11000,'Pottery',868),(10400,'Pottery',869),(10500,'Pottery',869),(10511,'Pottery',869),(10517,'Pottery',869),(10521,'Pottery',869),(10400,'Pottery',870),(10500,'Pottery',870),(10513,'Pottery',870),(10514,'Pottery',870),(10500,'Pottery',871),(10511,'Pottery',871),(10517,'Pottery',871),(10400,'Pottery',874),(10500,'Pottery',875),(10511,'Pottery',875),(10400,'Pottery',876),(10500,'Pottery',876),(10511,'Pottery',876),(10600,'Pottery',876),(10621,'Pottery',876),(11200,'Pottery',876),(10500,'Pottery',877),(10511,'Pottery',877),(10400,'Pottery',888),(10500,'Pottery',888),(10511,'Pottery',888),(10512,'Pottery',888),(10517,'Pottery',888),(10700,'Pottery',888),(10500,'Pottery',889),(10511,'Pottery',889),(10517,'Pottery',889),(10400,'Pottery',890),(10500,'Pottery',890),(10511,'Pottery',890),(10400,'Pottery',893),(10500,'Pottery',893),(10511,'Pottery',893),(10514,'Pottery',893),(10500,'Pottery',894),(10511,'Pottery',894),(10500,'Pottery',895),(10514,'Pottery',895),(10400,'Pottery',896),(10500,'Pottery',896),(10511,'Pottery',896),(10514,'Pottery',896),(10400,'Pottery',897),(10500,'Pottery',897),(10511,'Pottery',897),(10514,'Pottery',897),(10500,'Pottery',898),(10511,'Pottery',898),(10500,'Pottery',899),(10511,'Pottery',899),(10514,'Pottery',899),(10517,'Pottery',899),(10700,'Pottery',899),(10700,'Pottery',900),(10400,'Pottery',901),(10500,'Pottery',901),(10511,'Pottery',901),(10512,'Pottery',901),(10700,'Pottery',901),(10400,'Pottery',902),(10500,'Pottery',902),(10511,'Pottery',902),(10514,'Pottery',902),(10517,'Pottery',902),(10500,'Pottery',903),(10511,'Pottery',903),(10400,'Pottery',904),(10500,'Pottery',904),(10511,'Pottery',904),(10514,'Pottery',904),(10517,'Pottery',904),(10521,'Pottery',904),(10700,'Pottery',904),(10500,'Pottery',905),(10511,'Pottery',905),(10400,'Pottery',906),(10500,'Pottery',906),(10511,'Pottery',906),(10514,'Pottery',906),(10517,'Pottery',906),(10600,'Pottery',906),(10621,'Pottery',906),(10700,'Pottery',906),(10500,'Pottery',907),(10511,'Pottery',907),(10600,'Pottery',907),(10700,'Pottery',907),(10500,'Pottery',908),(10511,'Pottery',908),(10514,'Pottery',908),(10517,'Pottery',908),(10500,'Pottery',909),(10511,'Pottery',909),(10512,'Pottery',909),(10514,'Pottery',909),(10517,'Pottery',909),(10700,'Pottery',909),(10800,'Pottery',909),(10500,'Pottery',910),(10511,'Pottery',910),(10900,'Pottery',910),(11000,'Pottery',910),(10400,'Pottery',911),(10500,'Pottery',911),(10511,'Pottery',911),(10600,'Pottery',911),(10621,'Pottery',911),(10900,'Pottery',911),(11000,'Pottery',911),(10400,'Pottery',912),(10500,'Pottery',912),(10511,'Pottery',912),(10514,'Pottery',912),(10400,'Pottery',913),(10500,'Pottery',913),(10511,'Pottery',913),(10514,'Pottery',913),(10700,'Pottery',913),(10500,'Pottery',915),(10511,'Pottery',915),(10514,'Pottery',915),(10500,'Pottery',917),(10511,'Pottery',917),(10514,'Pottery',917),(10517,'Pottery',917),(10500,'Pottery',918),(10511,'Pottery',918),(10512,'Pottery',918),(10514,'Pottery',918),(10700,'Pottery',918),(10500,'Pottery',919),(10511,'Pottery',919),(10512,'Pottery',919),(10517,'Pottery',919),(10300,'Pottery',920),(10400,'Pottery',920),(10400,'Pottery',922),(10500,'Pottery',922),(10514,'Pottery',922),(10500,'Pottery',930),(10511,'Pottery',930),(10900,'Pottery',931),(11000,'Pottery',931),(11200,'Pottery',931),(10300,'Pottery',932),(10400,'Pottery',932),(10500,'Pottery',932),(10511,'Pottery',932),(10514,'Pottery',932),(10300,'Pottery',933),(10314,'Pottery',933),(10400,'Pottery',933),(10500,'Pottery',933),(10511,'Pottery',933),(10512,'Pottery',933),(10900,'Pottery',933),(11000,'Pottery',933),(10300,'Pottery',934),(10314,'Pottery',934),(10500,'Pottery',934),(10511,'Pottery',934),(10500,'Pottery',935),(10511,'Pottery',935),(10517,'Pottery',935),(10300,'Pottery',936),(10400,'Pottery',936),(10500,'Pottery',936),(10511,'Pottery',936),(10512,'Pottery',936),(10900,'Pottery',936),(11000,'Pottery',936),(11200,'Pottery',936),(10500,'Pottery',937),(10511,'Pottery',937),(10500,'Pottery',938),(10512,'Pottery',938),(10700,'Pottery',938),(10400,'Pottery',939),(10500,'Pottery',939),(10511,'Pottery',939),(10514,'Pottery',939),(10517,'Pottery',939),(10400,'Pottery',940),(10500,'Pottery',940),(10511,'Pottery',940),(10500,'Pottery',941),(10511,'Pottery',941),(10512,'Pottery',941),(10514,'Pottery',941),(10517,'Pottery',941),(10700,'Pottery',941),(10700,'Pottery',943),(10800,'Pottery',943),(10900,'Pottery',943),(11000,'Pottery',943),(10300,'Pottery',944),(10314,'Pottery',944),(10500,'Pottery',944),(10511,'Pottery',944),(10514,'Pottery',944),(10517,'Pottery',944),(10521,'Pottery',944),(10700,'Pottery',944),(10500,'Pottery',945),(10511,'Pottery',945),(10514,'Pottery',945),(10600,'Pottery',945),(10621,'Pottery',945),(10700,'Pottery',945),(10900,'Pottery',945),(11000,'Pottery',945),(10400,'Pottery',946),(10500,'Pottery',946),(10511,'Pottery',946),(10514,'Pottery',946),(10400,'Pottery',947),(10500,'Pottery',947),(10511,'Pottery',947),(10400,'Pottery',948),(10500,'Pottery',948),(10512,'Pottery',948),(10513,'Pottery',948),(10514,'Pottery',948),(10517,'Pottery',948),(10700,'Pottery',948),(10400,'Pottery',949),(10500,'Pottery',949),(10511,'Pottery',949),(11200,'Pottery',949),(11300,'Pottery',949),(10500,'Pottery',950),(10511,'Pottery',950),(10400,'Pottery',951),(10500,'Pottery',951),(10511,'Pottery',951),(10300,'Pottery',953),(10314,'Pottery',953),(10500,'Pottery',953),(10511,'Pottery',953),(10517,'Pottery',953),(10500,'Pottery',954),(10511,'Pottery',954),(10514,'Pottery',954),(10900,'Pottery',954),(11000,'Pottery',954),(11200,'Pottery',954),(10300,'Pottery',955),(10314,'Pottery',955),(10400,'Pottery',955),(10500,'Pottery',955),(10511,'Pottery',955),(10900,'Pottery',955),(11000,'Pottery',955),(10500,'Pottery',956),(10511,'Pottery',956),(11200,'Pottery',956),(10400,'Pottery',957),(10500,'Pottery',957),(10511,'Pottery',957),(10400,'Pottery',959),(10500,'Pottery',959),(10511,'Pottery',959),(10900,'Pottery',959),(11000,'Pottery',959),(11200,'Pottery',959),(10400,'Pottery',960),(10500,'Pottery',960),(10511,'Pottery',960),(10400,'Pottery',961),(10500,'Pottery',961),(10511,'Pottery',961),(10900,'Pottery',961),(11000,'Pottery',961),(10500,'Pottery',962),(10511,'Pottery',962),(10514,'Pottery',962),(10400,'Pottery',963),(10500,'Pottery',963),(10511,'Pottery',963),(10513,'Pottery',963),(10514,'Pottery',963),(10517,'Pottery',963),(10521,'Pottery',963),(10700,'Pottery',963),(10500,'Pottery',964),(10511,'Pottery',964),(10500,'Pottery',965),(10511,'Pottery',965),(10500,'Pottery',966),(10511,'Pottery',966),(10500,'Pottery',977),(10511,'Pottery',977),(10500,'Pottery',978),(10511,'Pottery',978),(10514,'Pottery',978),(10500,'Pottery',979),(10514,'Pottery',979),(10500,'Pottery',980),(10514,'Pottery',980),(10900,'Pottery',980),(11000,'Pottery',980),(10400,'Pottery',982),(10500,'Pottery',982),(10511,'Pottery',982),(10514,'Pottery',982),(10500,'Pottery',983),(10511,'Pottery',983),(10517,'Pottery',983),(10521,'Pottery',983),(10700,'Pottery',983),(10400,'Pottery',984),(10500,'Pottery',984),(10511,'Pottery',984),(10500,'Pottery',985),(10511,'Pottery',985),(10514,'Pottery',985),(10700,'Pottery',985),(10300,'Pottery',986),(10400,'Pottery',986),(10500,'Pottery',986),(10511,'Pottery',986),(10512,'Pottery',986),(10517,'Pottery',986),(10900,'Pottery',986),(11000,'Pottery',986),(10500,'Pottery',987),(10514,'Pottery',987),(10500,'Pottery',988),(10512,'Pottery',988),(10514,'Pottery',988),(10500,'Pottery',989),(10511,'Pottery',989),(10500,'Pottery',990),(10511,'Pottery',990),(10500,'Pottery',991),(10511,'Pottery',991),(10300,'Pottery',992),(10314,'Pottery',992),(10400,'Pottery',992),(10500,'Pottery',992),(10511,'Pottery',992),(10512,'Pottery',992),(10514,'Pottery',992),(10517,'Pottery',992),(10300,'Pottery',994),(10400,'Pottery',994),(10500,'Pottery',994),(10511,'Pottery',994),(10514,'Pottery',994),(10517,'Pottery',994),(10600,'Pottery',994),(10621,'Pottery',994),(10700,'Pottery',994),(10400,'Pottery',995),(10500,'Pottery',995),(10511,'Pottery',995),(10400,'Pottery',996),(10500,'Pottery',996),(10511,'Pottery',996),(10500,'Pottery',997),(10514,'Pottery',997),(10517,'Pottery',997),(10700,'Pottery',997),(10500,'Pottery',998),(10514,'Pottery',998),(10517,'Pottery',998),(10400,'Pottery',999),(10500,'Pottery',999),(10511,'Pottery',999),(10513,'Pottery',999),(10514,'Pottery',999),(10517,'Pottery',999),(10600,'Pottery',999),(10621,'Pottery',999),(10700,'Pottery',999),(10500,'Pottery',1000),(10511,'Pottery',1000),(10400,'Pottery',1002),(10500,'Pottery',1002),(10511,'Pottery',1002),(10512,'Pottery',1002),(10514,'Pottery',1002),(10517,'Pottery',1002),(10700,'Pottery',1002),(10500,'Pottery',1003),(10511,'Pottery',1003),(10514,'Pottery',1003),(10517,'Pottery',1003),(10400,'Pottery',1004),(10500,'Pottery',1004),(10511,'Pottery',1004),(10700,'Pottery',1004),(10500,'Pottery',1005),(10514,'Pottery',1005),(10700,'Pottery',1005),(10900,'Pottery',1005),(11000,'Pottery',1005),(10400,'Pottery',1008),(10500,'Pottery',1008),(10511,'Pottery',1008),(10900,'Pottery',1008),(11000,'Pottery',1008),(10400,'Pottery',1009),(10500,'Pottery',1009),(10511,'Pottery',1009),(10514,'Pottery',1009),(10300,'Pottery',1010),(10314,'Pottery',1010),(10500,'Pottery',1010),(10511,'Pottery',1010),(10900,'Pottery',1010),(11000,'Pottery',1010),(10500,'Pottery',1011),(10514,'Pottery',1011),(10400,'Pottery',1012),(10500,'Pottery',1012),(10511,'Pottery',1012),(10400,'Pottery',1013),(10500,'Pottery',1013),(10511,'Pottery',1013),(10517,'Pottery',1013),(11200,'Pottery',1013),(10500,'Pottery',1014),(10511,'Pottery',1014),(10500,'Pottery',1020),(10512,'Pottery',1020),(10500,'Pottery',1024),(10511,'Pottery',1024),(10500,'Pottery',1025),(10511,'Pottery',1025),(10900,'Pottery',1025),(11000,'Pottery',1025),(10400,'Pottery',1026),(10500,'Pottery',1026),(10511,'Pottery',1026),(10900,'Pottery',1026),(11000,'Pottery',1026),(11200,'Pottery',1026),(11200,'Pottery',1027),(10400,'Pottery',1028),(10500,'Pottery',1028),(10511,'Pottery',1028),(10500,'Pottery',1029),(10514,'Pottery',1029),(11200,'Pottery',1029),(10500,'Pottery',1030),(10514,'Pottery',1030),(10400,'Pottery',1031),(10500,'Pottery',1031),(10511,'Pottery',1031),(10900,'Pottery',1031),(11000,'Pottery',1031),(10500,'Pottery',1032),(10511,'Pottery',1032),(10400,'Pottery',1033),(10500,'Pottery',1033),(10511,'Pottery',1033),(10514,'Pottery',1033),(10600,'Pottery',1033),(10621,'Pottery',1033),(10700,'Pottery',1033),(10500,'Pottery',1035),(10514,'Pottery',1035),(10700,'Pottery',1035),(10400,'Pottery',1036),(10500,'Pottery',1036),(10511,'Pottery',1036),(10517,'Pottery',1036),(10521,'Pottery',1036),(10300,'Pottery',1037),(10400,'Pottery',1037),(10500,'Pottery',1037),(10511,'Pottery',1037),(10500,'Pottery',1038),(10511,'Pottery',1038),(10514,'Pottery',1038),(10517,'Pottery',1038),(10600,'Pottery',1038),(10621,'Pottery',1038),(10700,'Pottery',1038),(10300,'Pottery',1039),(10314,'Pottery',1039),(10400,'Pottery',1039),(10500,'Pottery',1039),(10511,'Pottery',1039),(10514,'Pottery',1039),(10517,'Pottery',1039),(10500,'Pottery',1040),(10511,'Pottery',1040),(10514,'Pottery',1040),(10400,'Pottery',1041),(10500,'Pottery',1041),(10511,'Pottery',1041),(10517,'Pottery',1041),(10900,'Pottery',1041),(11000,'Pottery',1041),(10400,'Pottery',1042),(10500,'Pottery',1042),(10511,'Pottery',1042),(10500,'Pottery',1044),(10511,'Pottery',1044),(10514,'Pottery',1044),(10500,'Pottery',1045),(10511,'Pottery',1045),(10514,'Pottery',1045),(10400,'Pottery',1046),(10500,'Pottery',1046),(10511,'Pottery',1046),(10517,'Pottery',1046),(11200,'Pottery',1046),(10500,'Pottery',1047),(10511,'Pottery',1047),(10514,'Pottery',1047),(10700,'Pottery',1047),(10400,'Pottery',1048),(10500,'Pottery',1048),(10511,'Pottery',1048),(10514,'Pottery',1048),(10521,'Pottery',1048),(10600,'Pottery',1048),(10611,'Pottery',1048),(10400,'Pottery',1049),(10500,'Pottery',1049),(10511,'Pottery',1049),(10500,'Pottery',1050),(10511,'Pottery',1050),(10514,'Pottery',1050),(10517,'Pottery',1050),(10700,'Pottery',1050),(10400,'Pottery',1051),(10500,'Pottery',1051),(10511,'Pottery',1051),(10514,'Pottery',1051),(10517,'Pottery',1051),(10521,'Pottery',1051),(10700,'Pottery',1051),(10400,'Pottery',1052),(10500,'Pottery',1052),(10511,'Pottery',1052),(10600,'Pottery',1052),(10621,'Pottery',1052),(10300,'Pottery',1053),(10314,'Pottery',1053),(10400,'Pottery',1053),(10500,'Pottery',1053),(10511,'Pottery',1053),(10517,'Pottery',1053),(10400,'Pottery',1054),(10500,'Pottery',1054),(10511,'Pottery',1054),(10513,'Pottery',1054),(10514,'Pottery',1054),(10700,'Pottery',1054),(10500,'Pottery',1055),(10514,'Pottery',1055),(10517,'Pottery',1055),(10521,'Pottery',1055),(10600,'Pottery',1055),(10621,'Pottery',1055),(10400,'Pottery',1056),(10500,'Pottery',1056),(10511,'Pottery',1056),(10514,'Pottery',1056),(10517,'Pottery',1056),(10700,'Pottery',1056),(10900,'Pottery',1056),(11000,'Pottery',1056),(10400,'Pottery',1057),(10500,'Pottery',1057),(10511,'Pottery',1057),(10514,'Pottery',1057),(10517,'Pottery',1057),(10521,'Pottery',1057),(10600,'Pottery',1057),(10621,'Pottery',1057),(10400,'Pottery',1058),(10500,'Pottery',1058),(10511,'Pottery',1058),(10512,'Pottery',1058),(10514,'Pottery',1058),(10517,'Pottery',1058),(10521,'Pottery',1058),(10300,'Pottery',1059),(10400,'Pottery',1059),(10500,'Pottery',1059),(10511,'Pottery',1059),(10514,'Pottery',1059),(10400,'Pottery',1060),(10500,'Pottery',1060),(10511,'Pottery',1060),(10514,'Pottery',1060),(10517,'Pottery',1060),(10400,'Pottery',1061),(10500,'Pottery',1061),(10511,'Pottery',1061),(10512,'Pottery',1061),(10514,'Pottery',1061),(10521,'Pottery',1061),(10700,'Pottery',1061),(10400,'Pottery',1062),(10500,'Pottery',1062),(10511,'Pottery',1062),(10514,'Pottery',1062),(10517,'Pottery',1062),(10700,'Pottery',1062),(10500,'Pottery',1063),(10511,'Pottery',1063),(10514,'Pottery',1063),(10600,'Pottery',1065),(10621,'Pottery',1065),(10700,'Pottery',1065),(11200,'Pottery',1065),(10500,'Pottery',1067),(10511,'Pottery',1067),(10900,'Pottery',1067),(11000,'Pottery',1067),(11200,'Pottery',1067),(10400,'Pottery',1068),(10500,'Pottery',1068),(10511,'Pottery',1068),(10900,'Pottery',1068),(11000,'Pottery',1068),(10500,'Pottery',1069),(10511,'Pottery',1069),(10400,'Pottery',1071),(10500,'Pottery',1071),(10511,'Pottery',1071),(10514,'Pottery',1071),(10900,'Pottery',1071),(11000,'Pottery',1071),(10500,'Pottery',1072),(10511,'Pottery',1072),(10500,'Pottery',1074),(10511,'Pottery',1074),(10514,'Pottery',1074),(10517,'Pottery',1074),(10900,'Pottery',1074),(11000,'Pottery',1074),(10500,'Pottery',1075),(10511,'Pottery',1075),(10517,'Pottery',1075),(10400,'Pottery',1077),(10500,'Pottery',1077),(10511,'Pottery',1077),(10517,'Pottery',1077),(10700,'Pottery',1077),(10900,'Pottery',1077),(11000,'Pottery',1077),(10500,'Pottery',1078),(10511,'Pottery',1078),(10517,'Pottery',1078),(10400,'Pottery',1079),(10500,'Pottery',1079),(10511,'Pottery',1079),(10517,'Pottery',1079),(10521,'Pottery',1079),(10400,'Pottery',1080),(10500,'Pottery',1080),(10511,'Pottery',1080),(10700,'Pottery',1080),(10300,'Pottery',1081),(10314,'Pottery',1081),(10400,'Pottery',1081),(10500,'Pottery',1081),(10511,'Pottery',1081),(10512,'Pottery',1081),(10514,'Pottery',1081),(10517,'Pottery',1081),(10600,'Pottery',1081),(10621,'Pottery',1081),(10700,'Pottery',1081),(10300,'Pottery',1083),(10400,'Pottery',1083),(10500,'Pottery',1083),(10511,'Pottery',1083),(10517,'Pottery',1083),(10900,'Pottery',1083),(11000,'Pottery',1083),(10400,'Pottery',1084),(10500,'Pottery',1084),(10511,'Pottery',1084),(10512,'Pottery',1084),(10514,'Pottery',1084),(10517,'Pottery',1084),(10700,'Pottery',1084),(10300,'Pottery',1085),(10400,'Pottery',1085),(10500,'Pottery',1085),(10511,'Pottery',1085),(10700,'Pottery',1085),(10500,'Pottery',1086),(10511,'Pottery',1086),(10517,'Pottery',1086),(10521,'Pottery',1086),(10400,'Pottery',1087),(10500,'Pottery',1087),(10511,'Pottery',1087),(10514,'Pottery',1087),(10517,'Pottery',1087),(10500,'Pottery',1088),(10514,'Pottery',1088),(10500,'Pottery',1089),(10511,'Pottery',1089),(10514,'Pottery',1089),(10500,'Pottery',1090),(10511,'Pottery',1090),(10500,'Pottery',1091),(10511,'Pottery',1091),(10700,'Pottery',1091),(10500,'Pottery',1092),(10514,'Pottery',1092),(10400,'Pottery',1093),(10500,'Pottery',1093),(10511,'Pottery',1093),(10517,'Pottery',1093),(11200,'Pottery',1093),(10900,'Pottery',1094),(11000,'Pottery',1094),(11200,'Pottery',1094),(10400,'Pottery',1095),(10500,'Pottery',1095),(10511,'Pottery',1095),(10512,'Pottery',1095),(10514,'Pottery',1095),(10517,'Pottery',1095),(10900,'Pottery',1095),(11000,'Pottery',1095),(10500,'Pottery',1096),(10511,'Pottery',1096),(10500,'Pottery',1097),(10511,'Pottery',1097),(10600,'Pottery',1097),(10621,'Pottery',1097),(11200,'Pottery',1097),(10400,'Pottery',1099),(10500,'Pottery',1099),(10511,'Pottery',1099),(10517,'Pottery',1099),(10600,'Pottery',1099),(10621,'Pottery',1099),(10900,'Pottery',1099),(11000,'Pottery',1099),(11200,'Pottery',1099),(10500,'Pottery',1100),(10511,'Pottery',1100),(10400,'Pottery',1102),(10500,'Pottery',1102),(10511,'Pottery',1102),(10514,'Pottery',1102),(10517,'Pottery',1102),(10521,'Pottery',1102),(10700,'Pottery',1102),(10500,'Pottery',1103),(10511,'Pottery',1103),(10400,'Pottery',1104),(10500,'Pottery',1104),(10511,'Pottery',1104),(10500,'Pottery',1106),(10511,'Pottery',1106),(10500,'Pottery',1107),(10511,'Pottery',1107),(10500,'Pottery',1108),(10511,'Pottery',1108),(10517,'Pottery',1108),(10700,'Pottery',1108),(10400,'Pottery',1109),(10500,'Pottery',1109),(10511,'Pottery',1109),(10400,'Pottery',1111),(10500,'Pottery',1111),(10511,'Pottery',1111),(10517,'Pottery',1111),(10500,'Pottery',1112),(10511,'Pottery',1112),(10400,'Pottery',1113),(10500,'Pottery',1113),(10511,'Pottery',1113),(10517,'Pottery',1113),(10700,'Pottery',1113),(11200,'Pottery',1113),(10300,'Pottery',1114),(10400,'Pottery',1114),(10500,'Pottery',1114),(10511,'Pottery',1114),(10700,'Pottery',1114),(11200,'Pottery',1114),(10500,'Pottery',1115),(10511,'Pottery',1115),(10514,'Pottery',1115),(10900,'Pottery',1115),(11000,'Pottery',1115),(10400,'Pottery',1116),(10500,'Pottery',1116),(10511,'Pottery',1116),(10517,'Pottery',1116),(10900,'Pottery',1123),(11000,'Pottery',1123),(10400,'Pottery',1124),(10500,'Pottery',1124),(10511,'Pottery',1124),(10514,'Pottery',1124),(10517,'Pottery',1124),(10600,'Pottery',1124),(10621,'Pottery',1124),(10900,'Pottery',1124),(11000,'Pottery',1124),(10400,'Pottery',1125),(10500,'Pottery',1125),(10511,'Pottery',1125),(10517,'Pottery',1125),(10500,'Pottery',1126),(10511,'Pottery',1126),(10400,'Pottery',1128),(10500,'Pottery',1128),(10511,'Pottery',1128),(10500,'Pottery',1130),(10511,'Pottery',1130),(10512,'Pottery',1130),(10900,'Pottery',1130),(11000,'Pottery',1130),(10400,'Pottery',1133),(10500,'Pottery',1133),(10511,'Pottery',1133),(10517,'Pottery',1133),(10400,'Pottery',1134),(10500,'Pottery',1134),(10511,'Pottery',1134),(10900,'Pottery',1134),(11000,'Pottery',1134),(11200,'Pottery',1134),(10400,'Pottery',1135),(10500,'Pottery',1135),(10511,'Pottery',1135),(10400,'Pottery',1136),(10500,'Pottery',1136),(10511,'Pottery',1136),(10514,'Pottery',1136),(10900,'Pottery',1136),(11000,'Pottery',1136),(11200,'Pottery',1136),(10500,'Pottery',1137),(10514,'Pottery',1137),(10500,'Pottery',1138),(10511,'Pottery',1138),(10517,'Pottery',1138),(10600,'Pottery',1138),(10621,'Pottery',1138),(10500,'Pottery',1139),(10511,'Pottery',1139),(10900,'Pottery',1139),(11000,'Pottery',1139),(10400,'Pottery',1140),(10500,'Pottery',1140),(10511,'Pottery',1140),(10514,'Pottery',1140),(10517,'Pottery',1140),(10700,'Pottery',1140),(10500,'Pottery',1141),(10511,'Pottery',1141),(10500,'Pottery',1142),(10511,'Pottery',1142),(10600,'Pottery',1142),(10621,'Pottery',1142),(10700,'Pottery',1142),(10400,'Pottery',1143),(10500,'Pottery',1143),(10511,'Pottery',1143),(10514,'Pottery',1143),(10517,'Pottery',1143),(10521,'Pottery',1143),(10900,'Pottery',1143),(11000,'Pottery',1143),(10500,'Pottery',1145),(10511,'Pottery',1145),(10400,'Pottery',1147),(10500,'Pottery',1147),(10511,'Pottery',1147),(10514,'Pottery',1147),(10500,'Pottery',1148),(10511,'Pottery',1148),(10500,'Pottery',1149),(10511,'Pottery',1149),(10514,'Pottery',1149),(10900,'Pottery',1149),(11000,'Pottery',1149),(11200,'Pottery',1149),(10500,'Pottery',1150),(10517,'Pottery',1150),(10500,'Pottery',1151),(10511,'Pottery',1151),(10600,'Pottery',1164),(10621,'Pottery',1164),(10900,'Pottery',1164),(11000,'Pottery',1164),(10900,'Pottery',1165),(11000,'Pottery',1165),(10900,'Pottery',1166),(11000,'Pottery',1166),(10600,'Pottery',1169),(10621,'Pottery',1169),(10900,'Pottery',1169),(11000,'Pottery',1169),(10900,'Pottery',1171),(11000,'Pottery',1171),(11200,'Pottery',1171),(10900,'Pottery',1172),(11000,'Pottery',1172),(10900,'Pottery',1173),(11000,'Pottery',1173),(10900,'Pottery',1175),(11000,'Pottery',1175),(10400,'Pottery',1181),(10500,'Pottery',1181),(10511,'Pottery',1181),(10900,'Pottery',1181),(11000,'Pottery',1181),(10400,'Pottery',1182),(10500,'Pottery',1182),(10511,'Pottery',1182),(11200,'Pottery',1182),(10500,'Pottery',1183),(10511,'Pottery',1183),(10514,'Pottery',1183),(10700,'Pottery',1184),(10900,'Pottery',1187),(11000,'Pottery',1187),(11200,'Pottery',1187),(10900,'Pottery',1188),(11000,'Pottery',1188),(10400,'Pottery',1189),(10500,'Pottery',1189),(10511,'Pottery',1189),(10900,'Pottery',1189),(11000,'Pottery',1189),(10300,'Pottery',1195),(10400,'Pottery',1195),(10500,'Pottery',1195),(10513,'Pottery',1195),(10514,'Pottery',1195),(10517,'Pottery',1195),(10521,'Pottery',1195),(10900,'Pottery',1195),(11000,'Pottery',1195),(11300,'Pottery',1195),(11400,'Pottery',1195),(10400,'Pottery',1196),(11200,'Pottery',1196),(10500,'Pottery',1197),(10511,'Pottery',1197),(10500,'Pottery',1198),(10511,'Pottery',1198),(10500,'Pottery',1199),(10517,'Pottery',1199),(11200,'Pottery',1199),(11200,'Pottery',1203),(10500,'Pottery',1205),(10511,'Pottery',1205),(10900,'Pottery',1205),(11000,'Pottery',1205),(10500,'Pottery',1208),(10511,'Pottery',1208),(10600,'Pottery',1210),(10621,'Pottery',1210),(10700,'Pottery',1210),(10500,'Pottery',1214),(10517,'Pottery',1214),(10600,'Pottery',1214),(10500,'Pottery',1217),(10511,'Pottery',1217),(11200,'Pottery',1217),(10500,'Pottery',1225),(10514,'Pottery',1225),(10517,'Pottery',1225),(11200,'Pottery',1226),(10400,'Pottery',1230),(10500,'Pottery',1230),(10511,'Pottery',1230),(10300,'Pottery',1233),(10400,'Pottery',1233),(10500,'Pottery',1238),(10511,'Pottery',1238),(10500,'Pottery',1241),(10511,'Pottery',1241),(11200,'Pottery',1241),(10500,'Pottery',1242),(10514,'Pottery',1242),(10500,'Pottery',1246),(10511,'Pottery',1246),(10600,'Pottery',1246),(10400,'Pottery',1249),(10500,'Pottery',1249),(10511,'Pottery',1249),(10500,'Pottery',1250),(10514,'Pottery',1250),(10517,'Pottery',1250),(10521,'Pottery',1250),(10400,'Pottery',1251),(10500,'Pottery',1251),(10511,'Pottery',1251),(10517,'Pottery',1251),(11200,'Pottery',1251),(10500,'Pottery',1253),(10511,'Pottery',1253),(10514,'Pottery',1253),(10500,'Pottery',1257),(10513,'Pottery',1257),(10514,'Pottery',1257),(10400,'Pottery',1260),(10500,'Pottery',1260),(10511,'Pottery',1260),(10514,'Pottery',1260),(10400,'Pottery',1261),(10500,'Pottery',1261),(10511,'Pottery',1261),(10700,'Pottery',1262),(10400,'Pottery',1263),(10500,'Pottery',1263),(10511,'Pottery',1263),(10517,'Pottery',1263),(10900,'Pottery',1263),(11000,'Pottery',1263),(10400,'Pottery',1265),(10500,'Pottery',1265),(10511,'Pottery',1265),(10514,'Pottery',1265),(10900,'Pottery',1265),(11000,'Pottery',1265),(10500,'Pottery',1271),(10511,'Pottery',1271),(10514,'Pottery',1271),(10900,'Pottery',1271),(11000,'Pottery',1271),(10400,'Pottery',1273),(10500,'Pottery',1274),(10511,'Pottery',1274),(10900,'Pottery',1274),(11000,'Pottery',1274),(10500,'Pottery',1275),(10511,'Pottery',1275),(10514,'Pottery',1275),(10500,'Pottery',1277),(10511,'Pottery',1277),(10514,'Pottery',1277),(10400,'Pottery',1278),(10500,'Pottery',1278),(10511,'Pottery',1278),(10500,'Pottery',1280),(10514,'Pottery',1280),(10500,'Pottery',1281),(10513,'Pottery',1281),(10514,'Pottery',1281),(10517,'Pottery',1281),(10900,'Pottery',1281),(11000,'Pottery',1281),(10500,'Pottery',1282),(10511,'Pottery',1282),(10514,'Pottery',1282),(10517,'Pottery',1282),(10300,'Pottery',1285),(10400,'Pottery',1285),(10500,'Pottery',1285),(10511,'Pottery',1285),(10517,'Pottery',1285),(10400,'Pottery',1286),(10500,'Pottery',1286),(10511,'Pottery',1286),(10514,'Pottery',1286),(10700,'Pottery',1286),(10400,'Pottery',1287),(10500,'Pottery',1287),(10511,'Pottery',1287),(10514,'Pottery',1287),(10400,'Pottery',1288),(10500,'Pottery',1288),(10511,'Pottery',1288),(10513,'Pottery',1288),(10514,'Pottery',1288),(10517,'Pottery',1288),(10700,'Pottery',1288),(10900,'Pottery',1288),(11000,'Pottery',1288),(10400,'Pottery',1289),(10500,'Pottery',1289),(10511,'Pottery',1289),(10514,'Pottery',1289),(10900,'Pottery',1289),(11000,'Pottery',1289),(10300,'Pottery',1290),(10314,'Pottery',1290),(10500,'Pottery',1290),(10511,'Pottery',1290),(10400,'Pottery',1291),(10500,'Pottery',1291),(10513,'Pottery',1291),(10514,'Pottery',1291),(10900,'Pottery',1291),(11000,'Pottery',1291),(10400,'Pottery',1292),(10500,'Pottery',1292),(10511,'Pottery',1292),(10513,'Pottery',1292),(10514,'Pottery',1292),(10517,'Pottery',1292),(10900,'Pottery',1292),(11000,'Pottery',1292),(10500,'Pottery',1294),(10511,'Pottery',1294),(10521,'Pottery',1294),(10600,'Pottery',1294),(10611,'Pottery',1294),(10400,'Pottery',1295),(10500,'Pottery',1295),(10511,'Pottery',1295),(10514,'Pottery',1295),(10700,'Pottery',1295),(10500,'Pottery',1296),(10511,'Pottery',1296),(10514,'Pottery',1296),(10700,'Pottery',1299),(10500,'Pottery',1305),(10511,'Pottery',1305),(10500,'Pottery',1306),(10511,'Pottery',1306),(10517,'Pottery',1306),(10521,'Pottery',1306),(10300,'Pottery',1307),(10400,'Pottery',1307),(11200,'Pottery',1307),(10500,'Pottery',1308),(10511,'Pottery',1308),(10500,'Pottery',1311),(10511,'Pottery',1311),(10512,'Pottery',1311),(10500,'Pottery',1312),(10511,'Pottery',1312),(10514,'Pottery',1312),(10300,'Pottery',1313),(10400,'Pottery',1313),(10500,'Pottery',1313),(10514,'Pottery',1313),(10400,'Pottery',1314),(10500,'Pottery',1314),(10511,'Pottery',1314),(10600,'Pottery',1314),(10611,'Pottery',1314),(10900,'Pottery',1314),(11000,'Pottery',1314),(10300,'Pottery',1315),(10400,'Pottery',1315),(10500,'Pottery',1315),(10511,'Pottery',1315),(10400,'Pottery',1320),(10500,'Pottery',1320),(10511,'Pottery',1320),(10517,'Pottery',1320),(10900,'Pottery',1320),(11000,'Pottery',1320),(10500,'Pottery',1321),(10511,'Pottery',1321),(10514,'Pottery',1321),(10517,'Pottery',1321),(10521,'Pottery',1321),(10700,'Pottery',1322),(10400,'Pottery',1326),(10500,'Pottery',1326),(10511,'Pottery',1326),(10514,'Pottery',1326),(10700,'Pottery',1326),(10900,'Pottery',1326),(11000,'Pottery',1326),(10500,'Pottery',1327),(10511,'Pottery',1327),(10400,'Pottery',1328),(10500,'Pottery',1328),(10511,'Pottery',1328),(10517,'Pottery',1328),(10900,'Pottery',1328),(11000,'Pottery',1328),(10500,'Pottery',1329),(10511,'Pottery',1329),(10521,'Pottery',1329),(10700,'Pottery',1329),(10900,'Pottery',1329),(11000,'Pottery',1329),(10400,'Pottery',1330),(10500,'Pottery',1330),(10511,'Pottery',1330),(10514,'Pottery',1330),(10517,'Pottery',1330),(10600,'Pottery',1330),(10611,'Pottery',1330),(10621,'Pottery',1330),(10700,'Pottery',1330),(10300,'Pottery',1332),(10400,'Pottery',1332),(10500,'Pottery',1332),(10514,'Pottery',1332),(10300,'Pottery',1333),(10500,'Pottery',1333),(10511,'Pottery',1333),(10517,'Pottery',1333),(10521,'Pottery',1333),(10500,'Pottery',1334),(10514,'Pottery',1334),(10517,'Pottery',1334),(11300,'Pottery',1335),(11400,'Pottery',1335),(10500,'Pottery',1337),(10511,'Pottery',1337),(10514,'Pottery',1337),(10900,'Pottery',1337),(11000,'Pottery',1337),(10400,'Pottery',1342),(10500,'Pottery',1342),(10511,'Pottery',1342),(10521,'Pottery',1342),(10600,'Pottery',1342),(10611,'Pottery',1342),(10700,'Pottery',1342),(10400,'Pottery',1343),(10500,'Pottery',1343),(10511,'Pottery',1343),(10517,'Pottery',1343),(10400,'Pottery',1344),(10500,'Pottery',1344),(10511,'Pottery',1344),(10517,'Pottery',1344),(10500,'Pottery',1345),(10511,'Pottery',1345),(10514,'Pottery',1345),(10517,'Pottery',1345),(10500,'Pottery',1347),(10514,'Pottery',1347),(10500,'Pottery',1350),(10511,'Pottery',1350),(10500,'Pottery',1351),(10511,'Pottery',1351),(10514,'Pottery',1351),(10900,'Pottery',1351),(11000,'Pottery',1351),(10400,'Pottery',1352),(10500,'Pottery',1352),(10511,'Pottery',1352),(10514,'Pottery',1352),(10900,'Pottery',1352),(11000,'Pottery',1352),(10500,'Pottery',1353),(10511,'Pottery',1353),(10517,'Pottery',1353),(10600,'Pottery',1353),(10621,'Pottery',1353),(10700,'Pottery',1353),(10900,'Pottery',1353),(11000,'Pottery',1353),(10500,'Pottery',1354),(10511,'Pottery',1354),(10500,'Pottery',1355),(10511,'Pottery',1355),(10512,'Pottery',1355),(10300,'Pottery',1356),(10400,'Pottery',1356),(10500,'Pottery',1356),(10511,'Pottery',1356),(10514,'Pottery',1356),(10517,'Pottery',1356),(10600,'Pottery',1356),(10621,'Pottery',1356),(10700,'Pottery',1356),(10300,'Pottery',1357),(10314,'Pottery',1357),(10500,'Pottery',1357),(10511,'Pottery',1357),(10514,'Pottery',1357),(10500,'Pottery',1358),(10511,'Pottery',1358),(10514,'Pottery',1358),(10400,'Pottery',1360),(10500,'Pottery',1360),(10511,'Pottery',1360),(10517,'Pottery',1360),(10300,'Pottery',1362),(10314,'Pottery',1362),(10400,'Pottery',1362),(10500,'Pottery',1362),(10511,'Pottery',1362),(10513,'Pottery',1362),(10514,'Pottery',1362),(10400,'Pottery',1363),(10500,'Pottery',1363),(10511,'Pottery',1363),(10514,'Pottery',1363),(10700,'Pottery',1363),(10500,'Pottery',1364),(10511,'Pottery',1364),(10600,'Pottery',1364),(10621,'Pottery',1364),(10500,'Pottery',1366),(10511,'Pottery',1366),(10700,'Pottery',1366),(11200,'Pottery',1366),(10500,'Pottery',1367),(10511,'Pottery',1367),(10514,'Pottery',1367),(10500,'Pottery',1368),(10511,'Pottery',1368),(10514,'Pottery',1368),(10517,'Pottery',1368),(10500,'Pottery',1371),(10511,'Pottery',1371),(10514,'Pottery',1371),(10700,'Pottery',1371),(10500,'Pottery',1372),(10512,'Pottery',1372),(10500,'Pottery',1375),(10517,'Pottery',1375),(10500,'Pottery',1377),(10511,'Pottery',1377),(10514,'Pottery',1377),(10500,'Pottery',1378),(10511,'Pottery',1378),(10512,'Pottery',1378),(10514,'Pottery',1378),(10300,'Pottery',1379),(10400,'Pottery',1379),(10500,'Pottery',1379),(10511,'Pottery',1379),(10514,'Pottery',1379),(10400,'Pottery',1380),(10500,'Pottery',1380),(10511,'Pottery',1380),(10514,'Pottery',1380),(10500,'Pottery',1381),(10511,'Pottery',1381),(10517,'Pottery',1381),(10400,'Pottery',1384),(10500,'Pottery',1384),(10511,'Pottery',1384),(10512,'Pottery',1384),(10514,'Pottery',1384),(10521,'Pottery',1384),(10900,'Pottery',1384),(11000,'Pottery',1384),(10500,'Pottery',1385),(10511,'Pottery',1385),(10514,'Pottery',1385),(10400,'Pottery',1386),(10500,'Pottery',1386),(10511,'Pottery',1386),(10517,'Pottery',1386),(10521,'Pottery',1386),(10500,'Pottery',1387),(10511,'Pottery',1387),(10512,'Pottery',1387),(10900,'Pottery',1387),(11000,'Pottery',1387),(10400,'Pottery',1388),(10500,'Pottery',1388),(10511,'Pottery',1388),(10513,'Pottery',1388),(10514,'Pottery',1388),(10517,'Pottery',1388),(10900,'Pottery',1388),(11000,'Pottery',1388),(10400,'Pottery',1389),(10500,'Pottery',1389),(10511,'Pottery',1389),(10514,'Pottery',1389),(10517,'Pottery',1389),(10500,'Pottery',1390),(10511,'Pottery',1390),(10512,'Pottery',1390),(10700,'Pottery',1390),(10400,'Pottery',1391),(10500,'Pottery',1391),(10514,'Pottery',1391),(10400,'Pottery',1392),(10500,'Pottery',1393),(10511,'Pottery',1393),(10513,'Pottery',1393),(10514,'Pottery',1393),(10400,'Pottery',1394),(10500,'Pottery',1394),(10511,'Pottery',1394),(10512,'Pottery',1394),(10514,'Pottery',1394),(10517,'Pottery',1394),(10700,'Pottery',1394),(10900,'Pottery',1394),(11000,'Pottery',1394),(10500,'Pottery',1395),(10511,'Pottery',1395),(10514,'Pottery',1395),(10400,'Pottery',1396),(10500,'Pottery',1396),(10512,'Pottery',1396),(10513,'Pottery',1396),(10514,'Pottery',1396),(10517,'Pottery',1396),(10500,'Pottery',1397),(10511,'Pottery',1397),(10500,'Pottery',1399),(10514,'Pottery',1399),(10500,'Pottery',1400),(10514,'Pottery',1400),(10517,'Pottery',1400),(10500,'Pottery',1402),(10514,'Pottery',1402),(10500,'Pottery',1403),(10511,'Pottery',1403),(10400,'Pottery',1405),(10500,'Pottery',1405),(10511,'Pottery',1405),(10517,'Pottery',1405),(10500,'Pottery',1406),(10511,'Pottery',1406),(10516,'Pottery',1406),(10400,'Pottery',1407),(10500,'Pottery',1407),(10511,'Pottery',1407),(10514,'Pottery',1407),(10517,'Pottery',1407),(10521,'Pottery',1407),(10400,'Pottery',1408),(10500,'Pottery',1408),(10511,'Pottery',1408),(10514,'Pottery',1408),(10900,'Pottery',1408),(11000,'Pottery',1408),(10500,'Pottery',1409),(10511,'Pottery',1409),(10514,'Pottery',1409),(10517,'Pottery',1409),(10900,'Pottery',1409),(11000,'Pottery',1409),(10400,'Pottery',1410),(10500,'Pottery',1410),(10511,'Pottery',1410),(10514,'Pottery',1410),(10517,'Pottery',1410),(10300,'Pottery',1411),(10400,'Pottery',1411),(10500,'Pottery',1413),(10512,'Pottery',1413),(10514,'Pottery',1413),(10500,'Pottery',1414),(10511,'Pottery',1414),(10512,'Pottery',1414),(10500,'Pottery',1415),(10511,'Pottery',1415),(10513,'Pottery',1415),(10514,'Pottery',1415),(10517,'Pottery',1415),(10500,'Pottery',1420),(10511,'Pottery',1420),(10500,'Pottery',1421),(10511,'Pottery',1421),(10514,'Pottery',1421),(10517,'Pottery',1421),(10600,'Pottery',1421),(10621,'Pottery',1421),(10700,'Pottery',1421),(10500,'Pottery',1425),(10511,'Pottery',1425),(10514,'Pottery',1425),(10517,'Pottery',1425),(10700,'Pottery',1425),(10900,'Pottery',1425),(11000,'Pottery',1425),(10400,'Pottery',1426),(10500,'Pottery',1426),(10511,'Pottery',1426),(10514,'Pottery',1426),(10517,'Pottery',1426),(10400,'Pottery',1427),(10500,'Pottery',1427),(10511,'Pottery',1427),(10513,'Pottery',1427),(10514,'Pottery',1427),(10517,'Pottery',1427),(10400,'Pottery',1428),(10500,'Pottery',1428),(10511,'Pottery',1428),(10517,'Pottery',1428),(10400,'Pottery',1429),(10500,'Pottery',1429),(10512,'Pottery',1429),(10513,'Pottery',1429),(10514,'Pottery',1429),(10600,'Pottery',1429),(10621,'Pottery',1429),(10900,'Pottery',1429),(11000,'Pottery',1429),(10500,'Pottery',1430),(10511,'Pottery',1430),(10514,'Pottery',1430),(10517,'Pottery',1430),(10400,'Pottery',1431),(10500,'Pottery',1431),(10511,'Pottery',1431),(10512,'Pottery',1431),(10514,'Pottery',1431),(10400,'Pottery',1432),(10500,'Pottery',1432),(10512,'Pottery',1432),(10513,'Pottery',1432),(10514,'Pottery',1432),(10517,'Pottery',1432),(10521,'Pottery',1432),(10900,'Pottery',1432),(11000,'Pottery',1432),(10500,'Pottery',1433),(10511,'Pottery',1433),(10514,'Pottery',1433),(10400,'Pottery',1434),(10500,'Pottery',1434),(10511,'Pottery',1434),(10514,'Pottery',1434),(10517,'Pottery',1434),(10700,'Pottery',1434),(10400,'Pottery',1435),(10500,'Pottery',1435),(10511,'Pottery',1435),(10400,'Pottery',1436),(10500,'Pottery',1436),(10511,'Pottery',1436),(10700,'Pottery',1436),(10400,'Pottery',1438),(10500,'Pottery',1438),(10511,'Pottery',1438),(10514,'Pottery',1438),(10700,'Pottery',1438),(10400,'Pottery',1439),(10500,'Pottery',1439),(10511,'Pottery',1439),(10400,'Pottery',1440),(10500,'Pottery',1440),(10511,'Pottery',1440),(10400,'Pottery',1441),(10500,'Pottery',1441),(10511,'Pottery',1441),(10512,'Pottery',1441),(10300,'Pottery',1443),(10400,'Pottery',1443),(10500,'Pottery',1443),(10511,'Pottery',1443),(10300,'Pottery',1444),(10400,'Pottery',1444),(10500,'Pottery',1444),(10517,'Pottery',1444),(10521,'Pottery',1444),(10300,'Pottery',1445),(10400,'Pottery',1445),(10500,'Pottery',1445),(10511,'Pottery',1445),(10900,'Pottery',1445),(11000,'Pottery',1445),(10400,'Pottery',1446),(10500,'Pottery',1446),(10511,'Pottery',1446),(10521,'Pottery',1446),(10400,'Pottery',1447),(10500,'Pottery',1447),(10511,'Pottery',1447),(10517,'Pottery',1447),(10700,'Pottery',1447),(10300,'Pottery',1448),(10314,'Pottery',1448),(10500,'Pottery',1449),(10511,'Pottery',1449),(10514,'Pottery',1449),(10521,'Pottery',1449),(10500,'Pottery',1450),(10511,'Pottery',1450),(10514,'Pottery',1450),(10600,'Pottery',1450),(10621,'Pottery',1450),(10700,'Pottery',1450),(10400,'Pottery',1451),(10500,'Pottery',1451),(10511,'Pottery',1451),(10700,'Pottery',1451),(10900,'Pottery',1451),(11000,'Pottery',1451),(10400,'Pottery',1452),(10500,'Pottery',1452),(10511,'Pottery',1452),(10514,'Pottery',1452),(10521,'Pottery',1452),(10700,'Pottery',1452),(11200,'Pottery',1452),(10500,'Pottery',1453),(10511,'Pottery',1453),(10517,'Pottery',1453),(10400,'Pottery',1454),(10500,'Pottery',1454),(10511,'Pottery',1454),(10500,'Pottery',1455),(10511,'Pottery',1455),(10514,'Pottery',1455),(10517,'Pottery',1455),(10900,'Pottery',1455),(11000,'Pottery',1455),(10500,'Pottery',1456),(10511,'Pottery',1456),(10900,'Pottery',1456),(11000,'Pottery',1456),(10500,'Pottery',1458),(10511,'Pottery',1458),(10514,'Pottery',1458),(10900,'Pottery',1458),(11000,'Pottery',1458),(10400,'Pottery',1460),(10500,'Pottery',1460),(10511,'Pottery',1460),(10400,'Pottery',1461),(10500,'Pottery',1461),(10511,'Pottery',1461),(10517,'Pottery',1461),(10500,'Pottery',1464),(10511,'Pottery',1464),(10700,'Pottery',1464),(10500,'Pottery',1465),(10511,'Pottery',1465),(10513,'Pottery',1465),(10514,'Pottery',1465),(10517,'Pottery',1465),(10521,'Pottery',1465),(10600,'Pottery',1465),(10611,'Pottery',1465),(10700,'Pottery',1465),(10800,'Pottery',1465),(10900,'Pottery',1465),(11000,'Pottery',1465),(10400,'Pottery',1467),(10500,'Pottery',1467),(10511,'Pottery',1467),(10400,'Pottery',1468),(10500,'Pottery',1468),(10512,'Pottery',1468),(10513,'Pottery',1468),(10514,'Pottery',1468),(11200,'Pottery',1468),(10300,'Pottery',1469),(10400,'Pottery',1469),(10500,'Pottery',1469),(10511,'Pottery',1469),(10400,'Pottery',1470),(10500,'Pottery',1470),(10511,'Pottery',1470),(10512,'Pottery',1470),(10514,'Pottery',1470),(10500,'Pottery',1472),(10511,'Pottery',1472),(10500,'Pottery',1473),(10511,'Pottery',1473),(10500,'Pottery',1474),(10511,'Pottery',1474),(10500,'Pottery',1475),(10517,'Pottery',1475),(10521,'Pottery',1475),(10900,'Pottery',1475),(11000,'Pottery',1475),(10300,'Pottery',1476),(10400,'Pottery',1477),(10500,'Pottery',1477),(10512,'Pottery',1477),(10514,'Pottery',1477),(11200,'Pottery',1477),(10500,'Pottery',1478),(10511,'Pottery',1478),(10514,'Pottery',1478),(10517,'Pottery',1478),(10521,'Pottery',1478),(10500,'Pottery',1479),(10511,'Pottery',1479),(10400,'Pottery',1480),(10500,'Pottery',1480),(10511,'Pottery',1480),(10500,'Pottery',1481),(10511,'Pottery',1481),(10400,'Pottery',1482),(10500,'Pottery',1482),(10511,'Pottery',1482),(10514,'Pottery',1482),(10517,'Pottery',1482),(10700,'Pottery',1482),(10400,'Pottery',1483),(10500,'Pottery',1483),(10514,'Pottery',1483),(10517,'Pottery',1483),(10500,'Pottery',1484),(10511,'Pottery',1484),(10512,'Pottery',1484),(10514,'Pottery',1484),(10517,'Pottery',1484),(10600,'Pottery',1484),(10621,'Pottery',1484),(10700,'Pottery',1484),(10300,'Pottery',1485),(10400,'Pottery',1485),(10500,'Pottery',1485),(10511,'Pottery',1485),(10700,'Pottery',1485),(10500,'Pottery',1486),(10511,'Pottery',1486),(10500,'Pottery',1487),(10511,'Pottery',1487),(10500,'Pottery',1488),(10511,'Pottery',1488),(10512,'Pottery',1488),(10514,'Pottery',1488),(10400,'Pottery',1489),(10500,'Pottery',1489),(10511,'Pottery',1489),(10400,'Pottery',1491),(10500,'Pottery',1491),(10511,'Pottery',1491),(10500,'Pottery',1492),(10511,'Pottery',1492),(10900,'Pottery',1492),(11000,'Pottery',1492),(10500,'Pottery',1493),(10511,'Pottery',1493),(10512,'Pottery',1493),(10517,'Pottery',1493),(10900,'Pottery',1493),(11000,'Pottery',1493),(10500,'Pottery',1494),(10514,'Pottery',1494),(10517,'Pottery',1494),(10400,'Pottery',1495),(10500,'Pottery',1495),(10511,'Pottery',1495),(10514,'Pottery',1495),(10517,'Pottery',1495),(10700,'Pottery',1495),(10500,'Pottery',1496),(10511,'Pottery',1496),(10517,'Pottery',1496),(10500,'Pottery',1497),(10511,'Pottery',1497),(10514,'Pottery',1497),(10600,'Pottery',1497),(10621,'Pottery',1497),(10400,'Pottery',1499),(10500,'Pottery',1499),(10511,'Pottery',1499),(10514,'Pottery',1499),(10517,'Pottery',1499),(10521,'Pottery',1499),(10700,'Pottery',1499),(10400,'Pottery',1500),(10500,'Pottery',1500),(10511,'Pottery',1500),(10514,'Pottery',1500),(10517,'Pottery',1500),(10521,'Pottery',1500),(10600,'Pottery',1500),(10621,'Pottery',1500),(10700,'Pottery',1500),(10400,'Pottery',1501),(10500,'Pottery',1501),(10511,'Pottery',1501),(10514,'Pottery',1501),(10517,'Pottery',1501),(10600,'Pottery',1501),(10621,'Pottery',1501),(10700,'Pottery',1501),(10500,'Pottery',1502),(10511,'Pottery',1502),(10514,'Pottery',1502),(10517,'Pottery',1502),(10500,'Pottery',1504),(10511,'Pottery',1504),(10700,'Pottery',1505),(10500,'Pottery',1506),(10511,'Pottery',1506),(10400,'Pottery',1507),(10500,'Pottery',1507),(10511,'Pottery',1507),(10514,'Pottery',1507),(10700,'Pottery',1507),(10400,'Pottery',1508),(10500,'Pottery',1508),(10511,'Pottery',1508),(10517,'Pottery',1508),(10521,'Pottery',1508),(10700,'Pottery',1508),(10500,'Pottery',1509),(10511,'Pottery',1509),(10514,'Pottery',1509),(10700,'Pottery',1509),(10400,'Pottery',1510),(10500,'Pottery',1510),(10511,'Pottery',1510),(10514,'Pottery',1510),(10517,'Pottery',1510),(10700,'Pottery',1510),(10900,'Pottery',1510),(11000,'Pottery',1510),(10400,'Pottery',1511),(10700,'Pottery',1511),(10400,'Pottery',1515),(10500,'Pottery',1515),(10511,'Pottery',1515),(10512,'Pottery',1515),(10514,'Pottery',1515),(10517,'Pottery',1515),(10700,'Pottery',1515),(10900,'Pottery',1515),(11000,'Pottery',1515),(10400,'Pottery',1516),(10500,'Pottery',1516),(10511,'Pottery',1516),(10514,'Pottery',1516),(10517,'Pottery',1516),(10600,'Pottery',1516),(10621,'Pottery',1516),(10700,'Pottery',1516),(11200,'Pottery',1516),(10400,'Pottery',1517),(10500,'Pottery',1517),(10511,'Pottery',1517),(10300,'Pottery',1518),(10314,'Pottery',1518),(10400,'Pottery',1518),(10500,'Pottery',1518),(10511,'Pottery',1518),(10500,'Pottery',1519),(10511,'Pottery',1519),(10700,'Pottery',1519),(10500,'Pottery',1521),(10511,'Pottery',1521),(11200,'Pottery',1521),(10300,'Pottery',1522),(10400,'Pottery',1522),(10500,'Pottery',1522),(10514,'Pottery',1522),(10500,'Pottery',1523),(10517,'Pottery',1523),(10300,'Pottery',1524),(10400,'Pottery',1524),(10500,'Pottery',1524),(10511,'Pottery',1524),(10400,'Pottery',1525),(10500,'Pottery',1525),(10511,'Pottery',1525),(10700,'Pottery',1525),(10300,'Pottery',1526),(10400,'Pottery',1526),(10500,'Pottery',1526),(10511,'Pottery',1526),(10512,'Pottery',1526),(10514,'Pottery',1526),(10517,'Pottery',1526),(10521,'Pottery',1526),(10700,'Pottery',1526),(10300,'Pottery',1527),(10314,'Pottery',1527),(10400,'Pottery',1527),(10500,'Pottery',1527),(10511,'Pottery',1527),(10500,'Pottery',1528),(10511,'Pottery',1528),(10500,'Pottery',1529),(10511,'Pottery',1529),(10514,'Pottery',1529),(10517,'Pottery',1529),(10521,'Pottery',1529),(10700,'Pottery',1529),(10400,'Pottery',1530),(10400,'Pottery',1531),(10500,'Pottery',1531),(10511,'Pottery',1531),(10514,'Pottery',1531),(10517,'Pottery',1531),(10521,'Pottery',1531),(10700,'Pottery',1531),(10500,'Pottery',1532),(10511,'Pottery',1532),(10514,'Pottery',1532),(10400,'Pottery',1533),(10500,'Pottery',1533),(10511,'Pottery',1533),(10500,'Pottery',1534),(10511,'Pottery',1534),(10514,'Pottery',1534),(10600,'Pottery',1534),(10621,'Pottery',1534),(10700,'Pottery',1534),(10400,'Pottery',1535),(10500,'Pottery',1535),(10511,'Pottery',1535),(10900,'Pottery',1535),(11000,'Pottery',1535),(10500,'Pottery',1536),(10517,'Pottery',1536),(10600,'Pottery',1536),(10621,'Pottery',1536),(10700,'Pottery',1536),(10500,'Pottery',1537),(10511,'Pottery',1537),(10500,'Pottery',1540),(10511,'Pottery',1540),(10400,'Pottery',1542),(10500,'Pottery',1542),(10511,'Pottery',1542),(10300,'Pottery',1543),(10314,'Pottery',1543),(10400,'Pottery',1543),(10500,'Pottery',1543),(10511,'Pottery',1543),(10500,'Pottery',1544),(10511,'Pottery',1544),(10500,'Pottery',1546),(10511,'Pottery',1546),(10400,'Pottery',1547),(10500,'Pottery',1547),(10511,'Pottery',1547),(10512,'Pottery',1547),(10514,'Pottery',1547),(10517,'Pottery',1547),(10900,'Pottery',1547),(11000,'Pottery',1547),(11200,'Pottery',1547),(10400,'Pottery',1548),(10500,'Pottery',1548),(10511,'Pottery',1548),(10514,'Pottery',1548),(10517,'Pottery',1548),(10700,'Pottery',1548),(10900,'Pottery',1548),(11000,'Pottery',1548),(10500,'Pottery',1550),(10511,'Pottery',1550),(10400,'Pottery',1551),(10500,'Pottery',1551),(10511,'Pottery',1551),(10514,'Pottery',1551),(10517,'Pottery',1551),(10600,'Pottery',1551),(10300,'Pottery',1552),(10400,'Pottery',1552),(10500,'Pottery',1552),(10511,'Pottery',1552),(10514,'Pottery',1552),(10600,'Pottery',1552),(10621,'Pottery',1552),(10700,'Pottery',1552),(10500,'Pottery',1553),(10511,'Pottery',1553),(10517,'Pottery',1553),(10300,'Pottery',1554),(10314,'Pottery',1554),(10500,'Pottery',1554),(10511,'Pottery',1554),(10400,'Pottery',1555),(10500,'Pottery',1555),(10511,'Pottery',1555),(10514,'Pottery',1555),(10700,'Pottery',1555),(10900,'Pottery',1555),(11000,'Pottery',1555),(11200,'Pottery',1555),(10400,'Pottery',1557),(10500,'Pottery',1557),(10511,'Pottery',1557),(10300,'Pottery',1558),(10400,'Pottery',1558),(10500,'Pottery',1558),(10511,'Pottery',1558),(10514,'Pottery',1558),(10517,'Pottery',1558),(10521,'Pottery',1558),(10400,'Pottery',1559),(10500,'Pottery',1559),(10517,'Pottery',1559),(10300,'Pottery',1561),(10400,'Pottery',1561),(10500,'Pottery',1561),(10511,'Pottery',1561),(10514,'Pottery',1561),(10500,'Pottery',1562),(10511,'Pottery',1562),(10514,'Pottery',1562),(10500,'Pottery',1564),(10511,'Pottery',1564),(10514,'Pottery',1564),(10400,'Pottery',1565),(10500,'Pottery',1565),(10511,'Pottery',1565),(10500,'Pottery',1566),(10511,'Pottery',1566),(10517,'Pottery',1566),(10700,'Pottery',1566),(10500,'Pottery',1567),(10511,'Pottery',1567),(10514,'Pottery',1567),(10600,'Pottery',1567),(10621,'Pottery',1567),(10400,'Pottery',1569),(10500,'Pottery',1569),(10511,'Pottery',1569),(10700,'Pottery',1569),(11200,'Pottery',1569),(10500,'Pottery',1570),(10514,'Pottery',1570),(10517,'Pottery',1570),(10521,'Pottery',1570),(10500,'Pottery',1573),(10511,'Pottery',1573),(10514,'Pottery',1573),(10700,'Pottery',1573),(10900,'Pottery',1573),(11000,'Pottery',1573),(10400,'Pottery',1574),(10500,'Pottery',1574),(10511,'Pottery',1574),(10400,'Pottery',1575),(10500,'Pottery',1575),(10511,'Pottery',1575),(10400,'Pottery',1576),(10500,'Pottery',1576),(10511,'Pottery',1576),(10900,'Pottery',1576),(11000,'Pottery',1576),(10400,'Pottery',1577),(10500,'Pottery',1577),(10511,'Pottery',1577),(10514,'Pottery',1577),(10900,'Pottery',1577),(11000,'Pottery',1577),(10500,'Pottery',1578),(10511,'Pottery',1578),(10400,'Pottery',1579),(10500,'Pottery',1579),(10511,'Pottery',1579),(10500,'Pottery',1580),(10511,'Pottery',1580),(10514,'Pottery',1580),(10900,'Pottery',1580),(11000,'Pottery',1580),(10400,'Pottery',1581),(10500,'Pottery',1581),(10511,'Pottery',1581),(10400,'Pottery',1582),(10500,'Pottery',1582),(10511,'Pottery',1582),(10400,'Pottery',1583),(10500,'Pottery',1583),(10511,'Pottery',1583),(10500,'Pottery',1584),(10511,'Pottery',1584),(10300,'Pottery',1586),(10400,'Pottery',1586),(10500,'Pottery',1586),(10511,'Pottery',1586),(10514,'Pottery',1586),(10500,'Pottery',1588),(10511,'Pottery',1588),(10400,'Pottery',1589),(10500,'Pottery',1589),(10511,'Pottery',1589),(10400,'Pottery',1590),(10500,'Pottery',1590),(10511,'Pottery',1590),(10514,'Pottery',1590),(10700,'Pottery',1590),(10900,'Pottery',1590),(11000,'Pottery',1590),(10500,'Pottery',1591),(10514,'Pottery',1591),(10400,'Pottery',1592),(10500,'Pottery',1592),(10511,'Pottery',1592),(10517,'Pottery',1592),(10521,'Pottery',1592),(10600,'Pottery',1592),(10621,'Pottery',1592),(10700,'Pottery',1592),(10500,'Pottery',1593),(10511,'Pottery',1593),(10514,'Pottery',1593),(10517,'Pottery',1593),(10500,'Pottery',1594),(10511,'Pottery',1594),(10514,'Pottery',1594),(10517,'Pottery',1594),(10900,'Pottery',1594),(11000,'Pottery',1594),(10300,'Pottery',1595),(10400,'Pottery',1595),(10500,'Pottery',1595),(10514,'Pottery',1595),(10500,'Pottery',1597),(10511,'Pottery',1597),(10500,'Pottery',1598),(10514,'Pottery',1598),(10400,'Pottery',1599),(10500,'Pottery',1599),(10511,'Pottery',1599),(10514,'Pottery',1599),(10517,'Pottery',1599),(10900,'Pottery',1599),(11000,'Pottery',1599),(10300,'Pottery',1600),(10314,'Pottery',1600),(10500,'Pottery',1600),(10511,'Pottery',1600),(10512,'Pottery',1600),(10517,'Pottery',1600),(10400,'Pottery',1601),(10500,'Pottery',1601),(10511,'Pottery',1601),(10600,'Pottery',1601),(10621,'Pottery',1601),(10400,'Pottery',1602),(10500,'Pottery',1602),(10511,'Pottery',1602),(10514,'Pottery',1602),(10400,'Pottery',1603),(10500,'Pottery',1603),(10511,'Pottery',1603),(10514,'Pottery',1603),(10500,'Pottery',1604),(10514,'Pottery',1604),(10517,'Pottery',1604),(10521,'Pottery',1604),(10600,'Pottery',1604),(10621,'Pottery',1604),(10700,'Pottery',1604),(10500,'Pottery',1605),(10511,'Pottery',1605),(10514,'Pottery',1605),(10517,'Pottery',1605),(10521,'Pottery',1605),(10500,'Pottery',1606),(10511,'Pottery',1606),(10514,'Pottery',1606),(10517,'Pottery',1606),(10600,'Pottery',1606),(10621,'Pottery',1606),(10500,'Pottery',1607),(10511,'Pottery',1607),(10500,'Pottery',1608),(10511,'Pottery',1608),(10514,'Pottery',1608),(10500,'Pottery',1609),(10514,'Pottery',1609),(10500,'Pottery',1610),(10511,'Pottery',1610),(10500,'Pottery',1611),(10511,'Pottery',1611),(10521,'Pottery',1611),(10600,'Pottery',1611),(10611,'Pottery',1611),(10500,'Pottery',1612),(10511,'Pottery',1612),(10400,'Pottery',1614),(10500,'Pottery',1614),(10511,'Pottery',1614),(10900,'Pottery',1614),(11000,'Pottery',1614),(10400,'Pottery',1615),(10500,'Pottery',1615),(10511,'Pottery',1615),(10700,'Pottery',1615),(10500,'Pottery',1618),(10511,'Pottery',1618),(10900,'Pottery',1618),(11000,'Pottery',1618),(11200,'Pottery',1618),(10400,'Pottery',1619),(10500,'Pottery',1619),(10511,'Pottery',1619),(10400,'Pottery',1620),(11200,'Pottery',1620),(10400,'Pottery',1621),(10500,'Pottery',1621),(10511,'Pottery',1621),(10514,'Pottery',1621),(10700,'Pottery',1621),(10900,'Pottery',1621),(11000,'Pottery',1621),(11200,'Pottery',1621),(10400,'Pottery',1622),(10500,'Pottery',1622),(10511,'Pottery',1622),(10400,'Pottery',1623),(10500,'Pottery',1623),(10511,'Pottery',1623),(10514,'Pottery',1623),(10700,'Pottery',1624),(10400,'Pottery',1626),(10500,'Pottery',1626),(10511,'Pottery',1626),(10514,'Pottery',1626),(10517,'Pottery',1626),(10600,'Pottery',1626),(10611,'Pottery',1626),(10621,'Pottery',1626),(10700,'Pottery',1626),(10500,'Pottery',1627),(10511,'Pottery',1627),(10514,'Pottery',1627),(10500,'Pottery',1629),(10511,'Pottery',1629),(10700,'Pottery',1629),(10900,'Pottery',1629),(11000,'Pottery',1629),(10500,'Pottery',1630),(10513,'Pottery',1630),(10514,'Pottery',1630),(10400,'Pottery',1631),(10500,'Pottery',1631),(10511,'Pottery',1631),(10513,'Pottery',1631),(10514,'Pottery',1631),(10517,'Pottery',1631),(10521,'Pottery',1631),(10900,'Pottery',1631),(10500,'Pottery',1632),(10511,'Pottery',1632),(10514,'Pottery',1632),(10700,'Pottery',1632),(10400,'Pottery',1633),(10500,'Pottery',1633),(10511,'Pottery',1633),(10514,'Pottery',1633),(10517,'Pottery',1633),(10500,'Pottery',1635),(10511,'Pottery',1635),(10514,'Pottery',1635),(10400,'Pottery',1636),(10500,'Pottery',1636),(10511,'Pottery',1636),(10514,'Pottery',1636),(10500,'Pottery',1637),(10511,'Pottery',1637),(10514,'Pottery',1637),(10700,'Pottery',1637),(11200,'Pottery',1637),(10400,'Pottery',1638),(10500,'Pottery',1638),(10511,'Pottery',1638),(10514,'Pottery',1638),(10600,'Pottery',1638),(10621,'Pottery',1638),(10700,'Pottery',1638),(10900,'Pottery',1638),(11000,'Pottery',1638),(10500,'Pottery',1639),(10514,'Pottery',1639),(10700,'Pottery',1639),(10500,'Pottery',1640),(10514,'Pottery',1640),(10517,'Pottery',1640),(10600,'Pottery',1640),(10621,'Pottery',1640),(10400,'Pottery',1641),(10500,'Pottery',1641),(10511,'Pottery',1641),(10500,'Pottery',1642),(10511,'Pottery',1642),(10514,'Pottery',1642),(10517,'Pottery',1642),(10500,'Pottery',1644),(10511,'Pottery',1644),(10514,'Pottery',1644),(10400,'Pottery',1645),(10500,'Pottery',1646),(10511,'Pottery',1646),(10400,'Pottery',1651),(10500,'Pottery',1651),(10514,'Pottery',1651),(10400,'Pottery',1653),(10500,'Pottery',1653),(10511,'Pottery',1653),(10512,'Pottery',1653),(10400,'Pottery',1654),(10500,'Pottery',1654),(10511,'Pottery',1654),(10512,'Pottery',1654),(10514,'Pottery',1654),(10517,'Pottery',1654),(10400,'Pottery',1655),(10500,'Pottery',1655),(10511,'Pottery',1655),(10517,'Pottery',1655),(10900,'Pottery',1655),(11000,'Pottery',1655),(11200,'Pottery',1655),(10500,'Pottery',1656),(10511,'Pottery',1656),(10512,'Pottery',1656),(10514,'Pottery',1656),(10900,'Pottery',1656),(11000,'Pottery',1656),(11200,'Pottery',1656),(10400,'Pottery',1657),(10500,'Pottery',1657),(10511,'Pottery',1657),(10500,'Pottery',1660),(10511,'Pottery',1660),(10517,'Pottery',1660),(10521,'Pottery',1660),(10300,'Pottery',1661),(10400,'Pottery',1661),(10500,'Pottery',1661),(10511,'Pottery',1661),(10517,'Pottery',1661),(10700,'Pottery',1661),(10900,'Pottery',1661),(11000,'Pottery',1661),(10500,'Pottery',1662),(10511,'Pottery',1662),(10500,'Pottery',1663),(10511,'Pottery',1663),(10512,'Pottery',1663),(10900,'Pottery',1663),(11000,'Pottery',1663),(10400,'Pottery',1664),(10500,'Pottery',1664),(10511,'Pottery',1664),(10514,'Pottery',1664),(10517,'Pottery',1664),(10521,'Pottery',1664),(10600,'Pottery',1664),(10611,'Pottery',1664),(10900,'Pottery',1664),(11000,'Pottery',1664),(10400,'Pottery',1665),(10500,'Pottery',1665),(10511,'Pottery',1665),(10500,'Pottery',1666),(10517,'Pottery',1666),(10700,'Pottery',1666),(10500,'Pottery',1667),(10511,'Pottery',1667),(10514,'Pottery',1667),(10517,'Pottery',1667),(10521,'Pottery',1667),(10900,'Pottery',1667),(11000,'Pottery',1667),(10400,'Pottery',1668),(10500,'Pottery',1668),(10511,'Pottery',1668),(10400,'Pottery',1669),(10500,'Pottery',1669),(10517,'Pottery',1669),(10521,'Pottery',1669),(10300,'Pottery',1670),(10400,'Pottery',1670),(10500,'Pottery',1670),(10511,'Pottery',1670),(10900,'Pottery',1670),(11000,'Pottery',1670),(10500,'Pottery',1671),(10511,'Pottery',1671),(10514,'Pottery',1671),(10521,'Pottery',1671),(10500,'Pottery',1672),(10511,'Pottery',1672),(10514,'Pottery',1672),(10500,'Pottery',1673),(10511,'Pottery',1673),(10514,'Pottery',1673),(10600,'Pottery',1673),(10621,'Pottery',1673),(10500,'Pottery',1674),(10511,'Pottery',1674),(10514,'Pottery',1674),(10517,'Pottery',1674),(10500,'Pottery',1675),(10514,'Pottery',1675),(10600,'Pottery',1675),(10621,'Pottery',1675),(10700,'Pottery',1675),(10900,'Pottery',1675),(11000,'Pottery',1675),(10400,'Pottery',1676),(10500,'Pottery',1676),(10514,'Pottery',1676),(10517,'Pottery',1676),(10900,'Pottery',1676),(11000,'Pottery',1676),(10500,'Pottery',1678),(10511,'Pottery',1678),(10500,'Pottery',1679),(10511,'Pottery',1679),(10500,'Pottery',1680),(10511,'Pottery',1680),(10400,'Pottery',1681),(10500,'Pottery',1681),(10511,'Pottery',1681),(10500,'Pottery',1683),(10511,'Pottery',1683),(10400,'Pottery',1684),(10500,'Pottery',1684),(10511,'Pottery',1684),(10900,'Pottery',1684),(11000,'Pottery',1684),(10500,'Pottery',1685),(10514,'Pottery',1685),(10500,'Pottery',1687),(10512,'Pottery',1687),(10514,'Pottery',1687),(10517,'Pottery',1687),(10500,'Pottery',1688),(10517,'Pottery',1688),(10500,'Pottery',1689),(10511,'Pottery',1689),(10400,'Pottery',1700),(10500,'Pottery',1700),(10511,'Pottery',1700),(10400,'Pottery',1701),(10500,'Pottery',1701),(10511,'Pottery',1701),(10400,'Pottery',1702),(10500,'Pottery',1702),(10511,'Pottery',1702),(10300,'Pottery',1703),(10400,'Pottery',1703),(10500,'Pottery',1703),(10511,'Pottery',1703),(10512,'Pottery',1703),(10400,'Pottery',1704),(10500,'Pottery',1704),(10511,'Pottery',1704),(10517,'Pottery',1704),(10500,'Pottery',1705),(10514,'Pottery',1705),(10500,'Pottery',1706),(10511,'Pottery',1706),(10517,'Pottery',1706),(11200,'Pottery',1706),(10300,'Pottery',1707),(10400,'Pottery',1707),(10500,'Pottery',1707),(10511,'Pottery',1707),(10517,'Pottery',1707),(10521,'Pottery',1707),(11200,'Pottery',1707),(10300,'Pottery',1708),(10400,'Pottery',1708),(11200,'Pottery',1708),(11400,'Pottery',1708),(10400,'Pottery',1710),(10500,'Pottery',1710),(10511,'Pottery',1710),(10400,'Pottery',1711),(10500,'Pottery',1711),(10511,'Pottery',1711),(10512,'Pottery',1711),(10900,'Pottery',1711),(11000,'Pottery',1711),(10500,'Pottery',1712),(10511,'Pottery',1712),(10500,'Pottery',1713),(10511,'Pottery',1713),(10500,'Pottery',1714),(10511,'Pottery',1714),(10512,'Pottery',1714),(10300,'Pottery',1715),(10314,'Pottery',1715),(10400,'Pottery',1715),(10500,'Pottery',1715),(10511,'Pottery',1715),(10500,'Pottery',1716),(10511,'Pottery',1716),(10400,'Pottery',1717),(10500,'Pottery',1717),(10511,'Pottery',1717),(10514,'Pottery',1717),(10300,'Pottery',1718),(10314,'Pottery',1718),(10500,'Pottery',1719),(10511,'Pottery',1719),(10517,'Pottery',1719),(10700,'Pottery',1719),(10400,'Pottery',1720),(10500,'Pottery',1720),(10511,'Pottery',1720),(10514,'Pottery',1720),(10517,'Pottery',1720),(10700,'Pottery',1720),(10500,'Pottery',1721),(10511,'Pottery',1721),(10521,'Pottery',1721),(10300,'Pottery',1726),(10314,'Pottery',1726),(10400,'Pottery',1726),(10500,'Pottery',1726),(10511,'Pottery',1726),(10512,'Pottery',1726),(10517,'Pottery',1726),(10900,'Pottery',1726),(11000,'Pottery',1726),(11200,'Pottery',1726),(10300,'Pottery',1729),(10314,'Pottery',1729),(10400,'Pottery',1729),(10500,'Pottery',1729),(10511,'Pottery',1729),(10400,'Pottery',1730),(10500,'Pottery',1730),(10511,'Pottery',1730),(10512,'Pottery',1730),(10500,'Pottery',1731),(10511,'Pottery',1731),(10900,'Pottery',1731),(11000,'Pottery',1731),(10500,'Pottery',1732),(10511,'Pottery',1732),(10500,'Pottery',1733),(10511,'Pottery',1733),(10500,'Pottery',1734),(10511,'Pottery',1734),(10514,'Pottery',1734),(10400,'Pottery',1735),(10500,'Pottery',1735),(10511,'Pottery',1735),(10400,'Pottery',1738),(10500,'Pottery',1738),(10511,'Pottery',1738),(10500,'Pottery',1739),(10514,'Pottery',1739),(10517,'Pottery',1739),(10521,'Pottery',1739),(10600,'Pottery',1739),(10611,'Pottery',1739),(10700,'Pottery',1739),(10400,'Pottery',1740),(10500,'Pottery',1740),(10511,'Pottery',1740),(10500,'Pottery',1741),(10511,'Pottery',1741),(10514,'Pottery',1741),(10500,'Pottery',1742),(10511,'Pottery',1742),(10400,'Pottery',1743),(10500,'Pottery',1743),(10511,'Pottery',1743),(10300,'Pottery',1749),(10400,'Pottery',1749),(10500,'Pottery',1749),(10511,'Pottery',1749),(10517,'Pottery',1749),(10521,'Pottery',1749),(10900,'Pottery',1749),(11000,'Pottery',1749),(10300,'Pottery',1750),(10400,'Pottery',1750),(10500,'Pottery',1750),(10511,'Pottery',1750),(10300,'Pottery',1751),(10400,'Pottery',1751),(10500,'Pottery',1751),(10511,'Pottery',1751),(10400,'Pottery',1752),(10500,'Pottery',1752),(10511,'Pottery',1752),(11200,'Pottery',1752),(10500,'Pottery',1753),(10514,'Pottery',1753),(10900,'Pottery',1753),(11000,'Pottery',1753),(11200,'Pottery',1753),(11400,'Pottery',1753),(10500,'Pottery',1754),(10511,'Pottery',1754),(10514,'Pottery',1754),(10517,'Pottery',1754),(10900,'Pottery',1754),(11000,'Pottery',1754),(10500,'Pottery',1755),(10511,'Pottery',1755),(10600,'Pottery',1755),(10621,'Pottery',1755),(10500,'Pottery',1756),(10511,'Pottery',1756),(10517,'Pottery',1756),(10521,'Pottery',1756),(10600,'Pottery',1756),(10621,'Pottery',1756),(10400,'Pottery',1757),(10500,'Pottery',1757),(10511,'Pottery',1757),(10512,'Pottery',1757),(10514,'Pottery',1757),(10517,'Pottery',1757),(10521,'Pottery',1757),(10300,'Pottery',1758),(10400,'Pottery',1758),(10500,'Pottery',1758),(10511,'Pottery',1758),(10500,'Pottery',1759),(10511,'Pottery',1759),(10512,'Pottery',1759),(10514,'Pottery',1759),(10517,'Pottery',1759),(10900,'Pottery',1759),(11000,'Pottery',1759),(11200,'Pottery',1759),(10500,'Pottery',1761),(10511,'Pottery',1761),(10514,'Pottery',1761),(10600,'Pottery',1761),(10621,'Pottery',1761),(10900,'Pottery',1761),(11000,'Pottery',1761),(10500,'Pottery',1762),(10511,'Pottery',1762),(10400,'Pottery',1763),(10500,'Pottery',1763),(10511,'Pottery',1763),(10514,'Pottery',1763),(10517,'Pottery',1763),(10521,'Pottery',1763),(10500,'Pottery',1768),(10511,'Pottery',1768),(10600,'Pottery',1768),(10621,'Pottery',1768),(10500,'Pottery',1769),(10511,'Pottery',1769),(10400,'Pottery',1770),(10500,'Pottery',1770),(10511,'Pottery',1770),(10514,'Pottery',1770),(10500,'Pottery',1771),(10514,'Pottery',1771),(10500,'Pottery',1773),(10511,'Pottery',1773),(10514,'Pottery',1773),(10500,'Pottery',1776),(10511,'Pottery',1776),(10514,'Pottery',1776),(10500,'Pottery',1777),(10511,'Pottery',1777),(10400,'Pottery',1778),(10500,'Pottery',1778),(10511,'Pottery',1778),(10521,'Pottery',1778),(10400,'Pottery',1779),(10500,'Pottery',1779),(10511,'Pottery',1779),(10514,'Pottery',1779),(10500,'Pottery',1780),(10511,'Pottery',1780),(10512,'Pottery',1780),(10700,'Pottery',1780),(10400,'Pottery',1781),(10500,'Pottery',1781),(10511,'Pottery',1781),(10512,'Pottery',1781),(10514,'Pottery',1781),(10517,'Pottery',1781),(10521,'Pottery',1781),(10600,'Pottery',1781),(10621,'Pottery',1781),(10900,'Pottery',1781),(11000,'Pottery',1781),(10400,'Pottery',1782),(10500,'Pottery',1782),(10511,'Pottery',1782),(10514,'Pottery',1782),(10400,'Pottery',1783),(10500,'Pottery',1783),(10511,'Pottery',1783),(10512,'Pottery',1783),(10517,'Pottery',1783),(10521,'Pottery',1783),(10600,'Pottery',1783),(10611,'Pottery',1783),(10700,'Pottery',1783),(10900,'Pottery',1783),(11000,'Pottery',1783),(10300,'Pottery',1784),(10314,'Pottery',1784),(10500,'Pottery',1784),(10511,'Pottery',1784),(10900,'Pottery',1784),(11000,'Pottery',1784),(10500,'Pottery',1785),(10514,'Pottery',1785),(10517,'Pottery',1785),(10521,'Pottery',1785),(10400,'Pottery',1786),(10500,'Pottery',1786),(10511,'Pottery',1786),(10514,'Pottery',1786),(10517,'Pottery',1786),(10400,'Pottery',1787),(10500,'Pottery',1787),(10511,'Pottery',1787),(10512,'Pottery',1787),(10514,'Pottery',1787),(10900,'Pottery',1787),(11000,'Pottery',1787),(10500,'Pottery',1788),(10511,'Pottery',1788),(10400,'Pottery',1789),(10500,'Pottery',1789),(10511,'Pottery',1789),(10514,'Pottery',1789),(10517,'Pottery',1789),(10521,'Pottery',1789),(10400,'Pottery',1790),(10500,'Pottery',1790),(10511,'Pottery',1790),(10700,'Pottery',1790),(10500,'Pottery',1791),(10511,'Pottery',1791),(10514,'Pottery',1791),(10400,'Pottery',1793),(10500,'Pottery',1793),(10511,'Pottery',1793),(10900,'Pottery',1793),(11000,'Pottery',1793),(10500,'Pottery',1794),(10511,'Pottery',1794),(10600,'Pottery',1794),(10621,'Pottery',1794),(10500,'Pottery',1795),(10511,'Pottery',1795),(10514,'Pottery',1795),(11200,'Pottery',1795),(10500,'Pottery',1796),(10511,'Pottery',1796),(10900,'Pottery',1796),(11000,'Pottery',1796),(10500,'Pottery',1797),(10517,'Pottery',1797),(10500,'Pottery',1798),(10511,'Pottery',1798),(10400,'Pottery',1799),(10500,'Pottery',1799),(10511,'Pottery',1799),(10500,'Pottery',1800),(10511,'Pottery',1800),(10700,'Pottery',1801),(10900,'Pottery',1801),(11000,'Pottery',1801),(10500,'Pottery',1802),(10511,'Pottery',1802),(10512,'Pottery',1802),(10514,'Pottery',1802),(10517,'Pottery',1802),(10900,'Pottery',1802),(11000,'Pottery',1802),(10500,'Pottery',1803),(10511,'Pottery',1803),(10600,'Pottery',1803),(10621,'Pottery',1803),(10700,'Pottery',1803),(10500,'Pottery',1804),(10517,'Pottery',1804),(10600,'Pottery',1804),(10621,'Pottery',1804),(10900,'Pottery',1804),(11000,'Pottery',1804),(10500,'Pottery',1805),(10900,'Pottery',1805),(11000,'Pottery',1805),(10400,'Pottery',1806),(10500,'Pottery',1806),(10511,'Pottery',1806),(10514,'Pottery',1806),(10900,'Pottery',1806),(11000,'Pottery',1806),(10400,'Pottery',1807),(10400,'Pottery',1808),(10500,'Pottery',1809),(10511,'Pottery',1809),(10500,'Pottery',1810),(10511,'Pottery',1810),(10900,'Pottery',1810),(11000,'Pottery',1810),(10600,'Pottery',1811),(10621,'Pottery',1811),(11300,'Pottery',1811),(11400,'Pottery',1811),(10500,'Pottery',1812),(10511,'Pottery',1812),(10400,'Pottery',1814),(10500,'Pottery',1814),(10511,'Pottery',1814),(10500,'Pottery',1815),(10511,'Pottery',1815),(11400,'Pottery',1815),(10500,'Pottery',1816),(10511,'Pottery',1816),(10900,'Pottery',1816),(11000,'Pottery',1816),(10400,'Pottery',1817),(10500,'Pottery',1817),(10511,'Pottery',1817),(10300,'Pottery',1821),(10314,'Pottery',1821),(10500,'Pottery',1821),(10511,'Pottery',1821),(10500,'Pottery',1822),(10511,'Pottery',1822),(10500,'Pottery',1823),(10511,'Pottery',1823),(10500,'Pottery',1824),(10511,'Pottery',1824),(10400,'Pottery',1826),(10500,'Pottery',1831),(10514,'Pottery',1831),(10900,'Pottery',1831),(11000,'Pottery',1831),(10400,'Pottery',1835),(10500,'Pottery',1835),(10511,'Pottery',1835),(10512,'Pottery',1835),(10500,'Pottery',1836),(10511,'Pottery',1836),(10500,'Pottery',1837),(10511,'Pottery',1837),(10400,'Pottery',1838),(10500,'Pottery',1838),(10511,'Pottery',1838),(10400,'Pottery',1839),(10500,'Pottery',1839),(10511,'Pottery',1839),(10517,'Pottery',1839),(10500,'Pottery',1841),(10511,'Pottery',1841),(10300,'Pottery',1842),(10314,'Pottery',1842),(10400,'Pottery',1842),(10500,'Pottery',1842),(10511,'Pottery',1842),(10514,'Pottery',1842),(10900,'Pottery',1842),(11000,'Pottery',1842),(10500,'Pottery',1843),(10511,'Pottery',1843),(10500,'Pottery',1844),(10511,'Pottery',1844),(10500,'Pottery',1845),(10511,'Pottery',1845),(10500,'Pottery',1846),(10512,'Pottery',1846),(10500,'Pottery',1847),(10511,'Pottery',1847),(10514,'Pottery',1847),(10500,'Pottery',1848),(10511,'Pottery',1848),(10514,'Pottery',1848),(10400,'Pottery',1849),(10500,'Pottery',1849),(10511,'Pottery',1849),(10500,'Pottery',1850),(10514,'Pottery',1850),(10400,'Pottery',1851),(10500,'Pottery',1851),(10511,'Pottery',1851),(10500,'Pottery',1853),(10511,'Pottery',1853),(10514,'Pottery',1853),(10500,'Pottery',1854),(10511,'Pottery',1854),(10514,'Pottery',1854),(10517,'Pottery',1854),(10400,'Pottery',1855),(10500,'Pottery',1855),(10511,'Pottery',1855),(10514,'Pottery',1855),(10400,'Pottery',1856),(10500,'Pottery',1856),(10511,'Pottery',1856),(10514,'Pottery',1856),(10517,'Pottery',1856),(10900,'Pottery',1857),(11000,'Pottery',1857),(10300,'Pottery',1858),(10400,'Pottery',1858),(10500,'Pottery',1861),(10511,'Pottery',1861),(10514,'Pottery',1861),(10700,'Pottery',1861),(10300,'Pottery',1862),(10314,'Pottery',1862),(10400,'Pottery',1862),(10500,'Pottery',1862),(10511,'Pottery',1862),(10514,'Pottery',1862),(10517,'Pottery',1862),(10521,'Pottery',1862),(10400,'Pottery',1863),(10500,'Pottery',1863),(10511,'Pottery',1863),(10512,'Pottery',1863),(10514,'Pottery',1863),(10500,'Pottery',1864),(10511,'Pottery',1864),(10514,'Pottery',1864),(10600,'Pottery',1864),(10621,'Pottery',1864),(10700,'Pottery',1864),(10900,'Pottery',1864),(11000,'Pottery',1864),(10400,'Pottery',1865),(10500,'Pottery',1865),(10511,'Pottery',1865),(10400,'Pottery',1866),(10500,'Pottery',1866),(10511,'Pottery',1866),(10514,'Pottery',1866),(10517,'Pottery',1866),(10400,'Pottery',1867),(10500,'Pottery',1867),(10511,'Pottery',1867),(10514,'Pottery',1867),(10400,'Pottery',1868),(10500,'Pottery',1868),(10511,'Pottery',1868),(10514,'Pottery',1868),(10517,'Pottery',1868),(10521,'Pottery',1868),(10900,'Pottery',1868),(11000,'Pottery',1868),(10400,'Pottery',1869),(10500,'Pottery',1869),(10511,'Pottery',1869),(10514,'Pottery',1869),(10517,'Pottery',1869),(10521,'Pottery',1869),(10900,'Pottery',1869),(11000,'Pottery',1869),(10500,'Pottery',1870),(10511,'Pottery',1870),(10514,'Pottery',1870),(10500,'Pottery',1871),(10511,'Pottery',1871),(10400,'Pottery',1872),(10500,'Pottery',1872),(10511,'Pottery',1872),(10514,'Pottery',1872),(10400,'Pottery',1873),(10500,'Pottery',1873),(10511,'Pottery',1873),(10400,'Pottery',1874),(10500,'Pottery',1874),(10511,'Pottery',1874),(10514,'Pottery',1874),(10517,'Pottery',1874),(10521,'Pottery',1874),(10700,'Pottery',1874),(10500,'Pottery',1875),(10511,'Pottery',1875),(10517,'Pottery',1875),(10521,'Pottery',1875),(10700,'Pottery',1875),(10500,'Pottery',1876),(10511,'Pottery',1876),(10400,'Pottery',1877),(10500,'Pottery',1877),(10511,'Pottery',1877),(10400,'Pottery',1878),(10500,'Pottery',1878),(10511,'Pottery',1878),(10517,'Pottery',1878),(10521,'Pottery',1878),(10900,'Pottery',1878),(11000,'Pottery',1878),(10500,'Pottery',1879),(10511,'Pottery',1879),(10514,'Pottery',1879),(10500,'Pottery',1880),(10511,'Pottery',1880),(10514,'Pottery',1880),(10500,'Pottery',1882),(10511,'Pottery',1882),(10512,'Pottery',1882),(10400,'Pottery',1888),(10500,'Pottery',1888),(10511,'Pottery',1888),(10517,'Pottery',1888),(10521,'Pottery',1888),(10600,'Pottery',1888),(10621,'Pottery',1888),(10700,'Pottery',1888),(11200,'Pottery',1888),(11200,'Pottery',1889),(10300,'Pottery',1890),(10400,'Pottery',1890),(10500,'Pottery',1890),(10511,'Pottery',1890),(10514,'Pottery',1890),(10500,'Pottery',1891),(10511,'Pottery',1891),(10514,'Pottery',1891),(11200,'Pottery',1891),(10400,'Pottery',1892),(10500,'Pottery',1892),(10514,'Pottery',1892),(10900,'Pottery',1892),(11000,'Pottery',1892),(10400,'Pottery',1893),(10500,'Pottery',1893),(10511,'Pottery',1893),(10400,'Pottery',1894),(10500,'Pottery',1894),(10511,'Pottery',1894),(10514,'Pottery',1894),(10517,'Pottery',1894),(10600,'Pottery',1894),(10621,'Pottery',1894),(10700,'Pottery',1894),(10900,'Pottery',1894),(11000,'Pottery',1894),(11200,'Pottery',1894),(10400,'Pottery',1895),(10500,'Pottery',1895),(10511,'Pottery',1895),(10514,'Pottery',1895),(10517,'Pottery',1895),(10700,'Pottery',1895),(10900,'Pottery',1895),(11000,'Pottery',1895),(10500,'Pottery',1896),(10511,'Pottery',1896),(10500,'Pottery',1897),(10511,'Pottery',1897),(10900,'Pottery',1897),(11000,'Pottery',1897),(10500,'Pottery',1898),(10514,'Pottery',1898),(10517,'Pottery',1898),(10700,'Pottery',1898),(11200,'Pottery',1898),(10300,'Pottery',1899),(10400,'Pottery',1899),(10500,'Pottery',1899),(10511,'Pottery',1899),(10512,'Pottery',1899),(10514,'Pottery',1899),(10517,'Pottery',1899),(10700,'Pottery',1899),(10900,'Pottery',1899),(11000,'Pottery',1899),(11200,'Pottery',1899),(10400,'Pottery',1900),(10500,'Pottery',1900),(10511,'Pottery',1900),(10500,'Pottery',1901),(10511,'Pottery',1901),(10500,'Pottery',1903),(10511,'Pottery',1903),(10900,'Pottery',1903),(11000,'Pottery',1903),(10500,'Pottery',1904),(10511,'Pottery',1904),(10514,'Pottery',1904),(10400,'Pottery',1905),(10500,'Pottery',1905),(10511,'Pottery',1905),(10517,'Pottery',1905),(10400,'Pottery',1906),(10500,'Pottery',1906),(10511,'Pottery',1906),(10521,'Pottery',1906),(10500,'Pottery',1908),(10511,'Pottery',1908),(10500,'Pottery',1910),(10511,'Pottery',1910),(10500,'Pottery',1911),(10511,'Pottery',1911),(10521,'Pottery',1911),(10500,'Pottery',1913),(10517,'Pottery',1913),(11200,'Pottery',1914),(10500,'Pottery',1915),(10511,'Pottery',1915),(10514,'Pottery',1915),(10500,'Pottery',1916),(10511,'Pottery',1916),(10514,'Pottery',1916),(10400,'Pottery',1917),(10500,'Pottery',1917),(10511,'Pottery',1917),(10500,'Pottery',1918),(10511,'Pottery',1918),(10500,'Pottery',1919),(10511,'Pottery',1919),(10400,'Pottery',1920),(10500,'Pottery',1920),(10511,'Pottery',1920),(10500,'Pottery',1921),(10511,'Pottery',1921),(10514,'Pottery',1921),(10400,'Pottery',1922),(10400,'Pottery',1924),(10500,'Pottery',1924),(10511,'Pottery',1924),(10521,'Pottery',1924),(10600,'Pottery',1924),(10611,'Pottery',1924),(10500,'Pottery',1925),(10511,'Pottery',1925),(10514,'Pottery',1925),(10700,'Pottery',1925),(10900,'Pottery',1925),(11000,'Pottery',1925),(10500,'Pottery',1926),(10513,'Pottery',1926),(10514,'Pottery',1926),(10400,'Pottery',1927),(10500,'Pottery',1927),(10511,'Pottery',1927),(10514,'Pottery',1927),(10600,'Pottery',1927),(10621,'Pottery',1927),(10400,'Pottery',1928),(10500,'Pottery',1928),(10511,'Pottery',1928),(10514,'Pottery',1928),(10400,'Pottery',1929),(10500,'Pottery',1929),(10511,'Pottery',1929),(10500,'Pottery',1930),(10511,'Pottery',1930),(10512,'Pottery',1930),(10500,'Pottery',1933),(10511,'Pottery',1933),(10500,'Pottery',1934),(10511,'Pottery',1934),(10514,'Pottery',1934),(10500,'Pottery',1935),(10511,'Pottery',1935),(10500,'Pottery',1936),(10511,'Pottery',1936),(10514,'Pottery',1936),(10500,'Pottery',1937),(10511,'Pottery',1937),(10300,'Pottery',1938),(10314,'Pottery',1938),(10400,'Pottery',1938),(10500,'Pottery',1938),(10511,'Pottery',1938),(10517,'Pottery',1938),(10521,'Pottery',1938),(10500,'Pottery',1939),(10511,'Pottery',1939),(10517,'Pottery',1939),(10500,'Pottery',1940),(10511,'Pottery',1940),(10514,'Pottery',1940),(10600,'Pottery',1940),(10621,'Pottery',1940),(10700,'Pottery',1940),(10500,'Pottery',1944),(10511,'Pottery',1944),(10514,'Pottery',1944),(10500,'Pottery',1945),(10511,'Pottery',1945),(10500,'Pottery',1947),(10511,'Pottery',1947),(10514,'Pottery',1947),(10500,'Pottery',1948),(10511,'Pottery',1948),(10500,'Pottery',1949),(10511,'Pottery',1949),(10514,'Pottery',1949),(10400,'Pottery',1950),(10700,'Pottery',1950),(10500,'Pottery',1951),(10514,'Pottery',1951),(10400,'Pottery',1952),(10500,'Pottery',1952),(10511,'Pottery',1952),(10514,'Pottery',1952),(10700,'Pottery',1952),(10400,'Pottery',1953),(10500,'Pottery',1953),(10511,'Pottery',1953),(10700,'Pottery',1953),(10400,'Pottery',1954),(10500,'Pottery',1954),(10511,'Pottery',1954),(10514,'Pottery',1954),(10517,'Pottery',1954),(10521,'Pottery',1954),(10400,'Pottery',1955),(10500,'Pottery',1955),(10511,'Pottery',1955),(10500,'Pottery',1958),(10511,'Pottery',1958),(10400,'Pottery',1959),(10500,'Pottery',1959),(10511,'Pottery',1959),(10400,'Pottery',1960),(10500,'Pottery',1960),(10511,'Pottery',1960),(11200,'Pottery',1960),(10500,'Pottery',1961),(10511,'Pottery',1961),(10900,'Pottery',1961),(11000,'Pottery',1961),(10500,'Pottery',1962),(10514,'Pottery',1962),(10517,'Pottery',1962),(10500,'Pottery',1967),(10511,'Pottery',1967),(11200,'Pottery',1967),(10400,'Pottery',1968),(10500,'Pottery',1968),(10511,'Pottery',1968),(10514,'Pottery',1968),(10517,'Pottery',1968),(10400,'Pottery',1970),(10500,'Pottery',1970),(10511,'Pottery',1970),(10514,'Pottery',1970),(10400,'Pottery',1973),(10500,'Pottery',1973),(10511,'Pottery',1973),(10700,'Pottery',1973),(10500,'Pottery',1974),(10511,'Pottery',1974),(10500,'Pottery',1976),(10514,'Pottery',1976),(10900,'Pottery',1976),(11000,'Pottery',1976),(11200,'Pottery',1976),(10500,'Pottery',1977),(10511,'Pottery',1977),(10514,'Pottery',1977),(10400,'Pottery',1978),(10500,'Pottery',1978),(10511,'Pottery',1978),(10514,'Pottery',1978),(10517,'Pottery',1978),(10500,'Pottery',1983),(10511,'Pottery',1983),(10900,'Pottery',1983),(11000,'Pottery',1983),(10400,'Pottery',2240),(10300,'Pottery',2241),(10400,'Pottery',2241),(10400,'Pottery',2242),(10300,'Pottery',2243),(10300,'Pottery',2244),(10400,'Pottery',2244),(10300,'Pottery',2246),(10400,'Pottery',2246),(10300,'Pottery',2247),(10400,'Pottery',2247),(10400,'Pottery',2248),(10400,'Pottery',2249),(10400,'Pottery',2250),(10300,'Pottery',2251),(10400,'Pottery',2251),(10400,'Pottery',2252),(10400,'Pottery',2253),(10400,'Pottery',2254),(10400,'Pottery',2255),(10300,'Pottery',2256),(10400,'Pottery',2256),(10400,'Pottery',2257),(10400,'Pottery',2258),(10300,'Pottery',2259),(10400,'Pottery',2259),(10400,'Pottery',2260),(10300,'Pottery',2261),(10400,'Pottery',2261),(10400,'Pottery',2262),(10400,'Pottery',2263),(10300,'Pottery',2264),(10400,'Pottery',2264),(10400,'Pottery',2266),(10400,'Pottery',2267),(10400,'Pottery',2268),(10300,'Pottery',2270),(10400,'Pottery',2271),(10400,'Pottery',2272),(10400,'Pottery',2273),(10300,'Pottery',2274),(10400,'Pottery',2274),(10400,'Pottery',2275),(10300,'Pottery',2276),(10400,'Pottery',2277),(10400,'Pottery',2278),(10400,'Pottery',2279),(10400,'Pottery',2280),(10400,'Pottery',2281),(10400,'Pottery',2282),(10400,'Pottery',2283),(10400,'Pottery',2284),(10400,'Pottery',2285),(10300,'Pottery',2286),(10400,'Pottery',2286),(10300,'Pottery',2287),(10400,'Pottery',2287),(10400,'Pottery',2288),(10400,'Pottery',2289),(10300,'Pottery',2290),(10400,'Pottery',2290),(10300,'Pottery',2291),(10400,'Pottery',2292),(10300,'Pottery',2293),(10400,'Pottery',2294),(10400,'Pottery',2296),(10300,'Pottery',2297),(10400,'Pottery',2297),(10300,'Pottery',2298),(10300,'Pottery',2299),(10400,'Pottery',2299),(10300,'Pottery',2300),(10400,'Pottery',2301),(10400,'Pottery',2302),(10300,'Pottery',2303),(10300,'Pottery',2304),(10400,'Pottery',2304),(10300,'Pottery',2305),(10300,'Pottery',2306),(10400,'Pottery',2306),(10400,'Pottery',2307),(10400,'Pottery',2308),(10400,'Pottery',2309),(10300,'Pottery',2310),(10400,'Pottery',2310),(10300,'Pottery',2311),(10400,'Pottery',2311),(10400,'Pottery',2312),(10300,'Pottery',2313),(10400,'Pottery',2313),(10400,'Pottery',2314),(10400,'Pottery',2315),(10400,'Pottery',2316),(10400,'Pottery',2317),(10400,'Pottery',2318),(10400,'Pottery',2319),(10300,'Pottery',2320),(10400,'Pottery',2320),(10300,'Pottery',2321),(10400,'Pottery',2321),(10400,'Pottery',2322),(10400,'Pottery',2323),(10400,'Pottery',2324),(10400,'Pottery',2325),(10400,'Pottery',2326),(10400,'Pottery',2327),(10400,'Pottery',2328),(10300,'Pottery',2329),(10400,'Pottery',2330),(10300,'Pottery',2331),(10400,'Pottery',2331),(10300,'Pottery',2332),(10400,'Pottery',2332),(10400,'Pottery',2333),(10400,'Pottery',2334),(10400,'Pottery',2335),(10300,'Pottery',2336),(10400,'Pottery',2337),(10400,'Pottery',2338),(10300,'Pottery',2339),(10300,'Pottery',2340),(10400,'Pottery',2340),(10300,'Pottery',2342),(10400,'Pottery',2342),(10400,'Pottery',2343),(10300,'Pottery',2344),(10300,'Pottery',2345),(10400,'Pottery',2345),(10400,'Pottery',2346),(10400,'Pottery',2347),(10400,'Pottery',2348),(10400,'Pottery',2349),(10300,'Pottery',2350),(10400,'Pottery',2350),(10400,'Pottery',2351),(10400,'Pottery',2352),(10400,'Pottery',2353),(10400,'Pottery',2354),(10400,'Pottery',2355),(10500,'Pottery',2356),(10511,'Pottery',2356),(10500,'Pottery',2357),(10514,'Pottery',2357),(10500,'Pottery',2358),(10514,'Pottery',2358),(10500,'Pottery',2359),(10514,'Pottery',2359),(10500,'Pottery',2360),(10514,'Pottery',2360),(10500,'Pottery',2361),(10514,'Pottery',2361),(10500,'Pottery',2362),(10512,'Pottery',2362),(10500,'Pottery',2363),(10512,'Pottery',2363),(10500,'Pottery',2364),(10514,'Pottery',2364),(10500,'Pottery',2365),(10511,'Pottery',2365),(10300,'Pottery',2366),(10500,'Pottery',2367),(10511,'Pottery',2367),(10500,'Pottery',2368),(10512,'Pottery',2368),(10500,'Pottery',2369),(10512,'Pottery',2369),(10500,'Pottery',2370),(10511,'Pottery',2370),(10500,'Pottery',2371),(10512,'Pottery',2371),(10300,'Pottery',2372),(10400,'Pottery',2372),(10500,'Pottery',2373),(10512,'Pottery',2373),(10500,'Pottery',2374),(10512,'Pottery',2374),(10500,'Pottery',2376),(10512,'Pottery',2376),(10500,'Pottery',2377),(10512,'Pottery',2377),(10500,'Pottery',2378),(10512,'Pottery',2378),(10500,'Pottery',2379),(10511,'Pottery',2379),(10500,'Pottery',2380),(10511,'Pottery',2380),(10500,'Pottery',2381),(10514,'Pottery',2381),(10500,'Pottery',2382),(10514,'Pottery',2382),(10500,'Pottery',2383),(10511,'Pottery',2383),(10500,'Pottery',2386),(10514,'Pottery',2386),(10500,'Pottery',2387),(10512,'Pottery',2387),(10500,'Pottery',2388),(10512,'Pottery',2388),(10500,'Pottery',2389),(10513,'Pottery',2389),(10514,'Pottery',2389),(10500,'Pottery',2390),(10518,'Pottery',2390),(10500,'Pottery',2391),(10513,'Pottery',2391),(10514,'Pottery',2391),(10500,'Pottery',2392),(10511,'Pottery',2392),(10500,'Pottery',2393),(10513,'Pottery',2393),(10514,'Pottery',2393),(10500,'Pottery',2394),(10513,'Pottery',2394),(10500,'Pottery',2395),(10513,'Pottery',2395),(10700,'Pottery',2396),(10500,'Pottery',2397),(10512,'Pottery',2397),(10500,'Pottery',2398),(10511,'Pottery',2398),(10500,'Pottery',2399),(10511,'Pottery',2399),(10500,'Pottery',2401),(10512,'Pottery',2401),(10500,'Pottery',2402),(10516,'Pottery',2402),(10500,'Pottery',2403),(10512,'Pottery',2403),(10500,'Pottery',2404),(10511,'Pottery',2404),(10500,'Pottery',2405),(10511,'Pottery',2405),(10500,'Pottery',2406),(10511,'Pottery',2406),(10400,'Pottery',2407),(10500,'Pottery',2408),(10512,'Pottery',2408),(10500,'Pottery',2409),(10511,'Pottery',2409),(10500,'Pottery',2410),(10514,'Pottery',2410),(10500,'Pottery',2411),(10512,'Pottery',2411),(10500,'Pottery',2412),(10513,'Pottery',2412),(10514,'Pottery',2412),(10500,'Pottery',2414),(10514,'Pottery',2414),(10500,'Pottery',2415),(10511,'Pottery',2415),(10500,'Pottery',2417),(10511,'Pottery',2417),(10500,'Pottery',2418),(10514,'Pottery',2418),(10500,'Pottery',2419),(10511,'Pottery',2419),(10500,'Pottery',2420),(10512,'Pottery',2420),(10500,'Pottery',2421),(10512,'Pottery',2421),(10400,'Pottery',2422),(10500,'Pottery',2423),(10513,'Pottery',2423),(10514,'Pottery',2423),(10500,'Pottery',2424),(10512,'Pottery',2424),(10500,'Pottery',2425),(10512,'Pottery',2425),(10500,'Pottery',2426),(10513,'Pottery',2426),(10514,'Pottery',2426),(10500,'Pottery',2427),(10512,'Pottery',2427),(10500,'Pottery',2428),(10513,'Pottery',2428),(10514,'Pottery',2428),(10400,'Pottery',2429),(10500,'Pottery',2431),(10511,'Pottery',2431),(10500,'Pottery',2432),(10511,'Pottery',2432),(10500,'Pottery',2433),(10512,'Pottery',2433),(10500,'Pottery',2434),(10512,'Pottery',2434),(10500,'Pottery',2435),(10513,'Pottery',2435),(10514,'Pottery',2435),(10500,'Pottery',2436),(10512,'Pottery',2436),(10400,'Pottery',2437),(10500,'Pottery',2438),(10512,'Pottery',2438),(10500,'Pottery',2439),(10521,'Pottery',2439),(10500,'Pottery',2440),(10513,'Pottery',2440),(10514,'Pottery',2440),(10400,'Pottery',2441),(10500,'Pottery',2442),(10511,'Pottery',2442),(10500,'Pottery',2443),(10512,'Pottery',2443),(10500,'Pottery',2444),(10513,'Pottery',2444),(10514,'Pottery',2444),(10500,'Pottery',2445),(10514,'Pottery',2445),(10400,'Pottery',2446),(10500,'Pottery',2447),(10512,'Pottery',2447),(10500,'Pottery',2449),(10514,'Pottery',2449),(10500,'Pottery',2450),(10512,'Pottery',2450),(10500,'Pottery',2451),(10512,'Pottery',2451),(10500,'Pottery',2452),(10514,'Pottery',2452),(10500,'Pottery',2453),(10514,'Pottery',2453),(10500,'Pottery',2455),(10512,'Pottery',2455),(10500,'Pottery',2456),(10512,'Pottery',2456),(10500,'Pottery',2457),(10512,'Pottery',2457),(10500,'Pottery',2458),(10511,'Pottery',2458),(10500,'Pottery',2459),(10512,'Pottery',2459),(10500,'Pottery',2460),(10512,'Pottery',2460),(10500,'Pottery',2461),(10512,'Pottery',2461),(10500,'Pottery',2462),(10512,'Pottery',2462),(10500,'Pottery',2466),(10512,'Pottery',2466),(10500,'Pottery',2467),(10513,'Pottery',2467),(10500,'Pottery',2468),(10512,'Pottery',2468),(10500,'Pottery',2469),(10512,'Pottery',2469),(10500,'Pottery',2470),(10512,'Pottery',2470),(10500,'Pottery',2471),(10514,'Pottery',2471),(10500,'Pottery',2472),(10512,'Pottery',2472),(10500,'Pottery',2473),(10511,'Pottery',2473),(10500,'Pottery',2474),(10512,'Pottery',2474),(10500,'Pottery',2475),(10512,'Pottery',2475),(10500,'Pottery',2476),(10514,'Pottery',2476),(10400,'Pottery',2477),(10500,'Pottery',2478),(10512,'Pottery',2478),(10500,'Pottery',2479),(10514,'Pottery',2479),(10500,'Pottery',2480),(10515,'Pottery',2480),(10516,'Pottery',2480),(10500,'Pottery',2481),(10514,'Pottery',2481),(10500,'Pottery',2482),(10512,'Pottery',2482),(10500,'Pottery',2483),(10512,'Pottery',2483),(10500,'Pottery',2484),(10512,'Pottery',2484),(10500,'Pottery',2485),(10512,'Pottery',2485),(10500,'Pottery',2486),(10512,'Pottery',2486),(10500,'Pottery',2487),(10512,'Pottery',2487),(10500,'Pottery',2488),(10512,'Pottery',2488),(10600,'Pottery',2489),(10500,'Pottery',2490),(10514,'Pottery',2490),(10500,'Pottery',2492),(10512,'Pottery',2492),(10500,'Pottery',2493),(10513,'Pottery',2493),(10500,'Pottery',2494),(10512,'Pottery',2494),(10500,'Pottery',2495),(10513,'Pottery',2495),(10514,'Pottery',2495),(10400,'Pottery',2496),(10600,'Pottery',2497),(10500,'Pottery',2498),(10512,'Pottery',2498),(10500,'Pottery',2499),(10512,'Pottery',2499),(10300,'Pottery',2500),(10500,'Pottery',2501),(10514,'Pottery',2501),(10500,'Pottery',2502),(10516,'Pottery',2502),(10600,'Pottery',2502),(10400,'Pottery',2503),(11300,'Pottery',2504),(10400,'Pottery',2506),(10500,'Pottery',2506),(10500,'Pottery',2507),(10512,'Pottery',2507),(10500,'Pottery',2508),(10512,'Pottery',2508),(10500,'Pottery',2509),(10512,'Pottery',2509),(10400,'Pottery',2510),(10500,'Pottery',2510),(10512,'Pottery',2510),(10500,'Pottery',2511),(10512,'Pottery',2511),(10500,'Pottery',2512),(10512,'Pottery',2512),(10500,'Pottery',2513),(10512,'Pottery',2513),(10400,'Pottery',2514),(10500,'Pottery',2515),(10521,'Pottery',2515),(10300,'Pottery',2516),(10400,'Pottery',2517),(10400,'Pottery',2518),(10500,'Pottery',2519),(10513,'Pottery',2519),(10514,'Pottery',2519),(10500,'Pottery',2520),(10521,'Pottery',2520),(10500,'Pottery',2521),(10512,'Pottery',2521),(10500,'Pottery',2522),(10512,'Pottery',2522),(10500,'Pottery',2523),(10512,'Pottery',2523),(10500,'Pottery',2525),(10512,'Pottery',2525),(10500,'Pottery',2526),(10513,'Pottery',2526),(10500,'Pottery',2527),(10512,'Pottery',2527),(10500,'Pottery',2528),(10512,'Pottery',2528),(10500,'Pottery',2529),(10512,'Pottery',2529),(10500,'Pottery',2530),(10512,'Pottery',2530),(10500,'Pottery',2531),(10514,'Pottery',2531),(10400,'Pottery',2532),(10500,'Pottery',2532),(10512,'Pottery',2532),(10500,'Pottery',2533),(10512,'Pottery',2533),(10500,'Pottery',2534),(10511,'Pottery',2534),(10400,'Pottery',2535),(10500,'Pottery',2536),(10512,'Pottery',2536),(10400,'Pottery',2537),(10700,'Pottery',2538),(10500,'Pottery',2539),(10512,'Pottery',2539),(10500,'Pottery',2540),(10512,'Pottery',2540),(10500,'Pottery',2541),(10513,'Pottery',2541),(10500,'Pottery',2542),(10513,'Pottery',2542),(10500,'Pottery',2543),(10516,'Pottery',2543),(10500,'Pottery',2544),(10512,'Pottery',2544),(10400,'Pottery',2545),(10500,'Pottery',2545),(10512,'Pottery',2545),(10500,'Pottery',2546),(10515,'Pottery',2546),(10400,'Pottery',2547),(10300,'Pottery',2548),(10400,'Pottery',2548),(10500,'Pottery',2549),(10512,'Pottery',2549),(10300,'Pottery',2550),(10400,'Pottery',2550),(10500,'Pottery',2551),(10512,'Pottery',2551),(10500,'Pottery',2552),(10512,'Pottery',2552),(10500,'Pottery',2553),(10512,'Pottery',2553),(10500,'Pottery',2554),(10516,'Pottery',2554),(10500,'Pottery',2555),(10512,'Pottery',2555),(10300,'Pottery',2556),(10400,'Pottery',2556),(10500,'Pottery',2557),(10512,'Pottery',2557),(10300,'Pottery',2558),(10400,'Pottery',2558),(10500,'Pottery',2559),(10513,'Pottery',2559),(10514,'Pottery',2559),(10500,'Pottery',2560),(10516,'Pottery',2560),(10500,'Pottery',2561),(10512,'Pottery',2561),(10500,'Pottery',2562),(10512,'Pottery',2562),(10400,'Pottery',2564),(10500,'Pottery',2565),(10512,'Pottery',2565),(10500,'Pottery',2566),(10516,'Pottery',2566),(10500,'Pottery',2567),(10513,'Pottery',2567),(10514,'Pottery',2567),(10500,'Pottery',2568),(10513,'Pottery',2568),(10514,'Pottery',2568),(10500,'Pottery',2569),(10512,'Pottery',2569),(10500,'Pottery',2570),(10513,'Pottery',2570),(10514,'Pottery',2570),(10500,'Pottery',2571),(10516,'Pottery',2571),(10500,'Pottery',2572),(10512,'Pottery',2572),(10500,'Pottery',2573),(10516,'Pottery',2573),(10500,'Pottery',2574),(10512,'Pottery',2574),(10400,'Pottery',2575),(10500,'Pottery',2576),(10513,'Pottery',2576),(10514,'Pottery',2576),(10500,'Pottery',2577),(10513,'Pottery',2577),(10514,'Pottery',2577),(10300,'Pottery',2578),(10300,'Pottery',2579),(10400,'Pottery',2580),(10500,'Pottery',2581),(10514,'Pottery',2581),(10300,'Pottery',2582),(10400,'Pottery',2582),(10400,'Pottery',2583),(10500,'Pottery',2583),(10511,'Pottery',2583),(10400,'Pottery',2584),(10500,'Pottery',2585),(10521,'Pottery',2585),(10500,'Pottery',2586),(10516,'Pottery',2586),(10500,'Pottery',2587),(10516,'Pottery',2587),(10500,'Pottery',2588),(10516,'Pottery',2588),(10521,'Pottery',2588),(10300,'Pottery',2589),(10300,'Pottery',2590),(10400,'Pottery',2590),(10400,'Pottery',2592),(10500,'Pottery',2593),(10512,'Pottery',2593),(10300,'Pottery',2594),(10400,'Pottery',2594),(10400,'Pottery',2595),(10500,'Pottery',2596),(10512,'Pottery',2596),(10400,'Pottery',2597),(10300,'Pottery',2598),(10400,'Pottery',2598),(10500,'Pottery',2599),(10512,'Pottery',2599),(10300,'Pottery',2600),(10400,'Pottery',2601),(10500,'Pottery',2601),(10512,'Pottery',2601),(10500,'Pottery',2602),(10511,'Pottery',2602),(10400,'Pottery',2603),(10300,'Pottery',2604),(10500,'Pottery',2605),(10514,'Pottery',2605),(10500,'Pottery',2606),(10513,'Pottery',2606),(10500,'Pottery',2607),(10513,'Pottery',2607),(10400,'Pottery',2608),(10500,'Pottery',2609),(10512,'Pottery',2609),(10400,'Pottery',2610),(10300,'Pottery',2611),(10500,'Pottery',2612),(10512,'Pottery',2612),(10500,'Pottery',2613),(10514,'Pottery',2613),(10500,'Pottery',2614),(10512,'Pottery',2614),(10500,'Pottery',2615),(10512,'Pottery',2615),(10500,'Pottery',2616),(10512,'Pottery',2616),(10500,'Pottery',2617),(10511,'Pottery',2617),(10500,'Pottery',2618),(10513,'Pottery',2618),(10514,'Pottery',2618),(10300,'Pottery',2619),(10400,'Pottery',2619),(10500,'Pottery',2620),(10512,'Pottery',2620),(10513,'Pottery',2620),(10400,'Pottery',2621),(10500,'Pottery',2623),(10514,'Pottery',2623),(10300,'Pottery',2624),(10400,'Pottery',2624),(10400,'Pottery',2625),(10300,'Pottery',2626),(10400,'Pottery',2626),(10500,'Pottery',2627),(10514,'Pottery',2627),(10500,'Pottery',2628),(10513,'Pottery',2628),(10514,'Pottery',2628),(10400,'Pottery',2629),(10500,'Pottery',2630),(10511,'Pottery',2630),(10400,'Pottery',2631),(10400,'Pottery',2632),(10300,'Pottery',2633),(10500,'Pottery',2634),(10513,'Pottery',2634),(10514,'Pottery',2634),(10500,'Pottery',2635),(10514,'Pottery',2635),(10500,'Pottery',2636),(10511,'Pottery',2636),(10500,'Pottery',2638),(10513,'Pottery',2638),(10500,'Pottery',2639),(10514,'Pottery',2639),(10500,'Pottery',2641),(10514,'Pottery',2641),(10500,'Pottery',2644),(10511,'Pottery',2644),(10400,'Pottery',2645),(10400,'Pottery',2646),(10500,'Pottery',2647),(10512,'Pottery',2647),(10300,'Pottery',2648),(10400,'Pottery',2648),(10500,'Pottery',2649),(10512,'Pottery',2649),(10500,'Pottery',2651),(10512,'Pottery',2651),(10500,'Pottery',2652),(10512,'Pottery',2652),(10300,'Pottery',2653),(10400,'Pottery',2653),(10500,'Pottery',2654),(10512,'Pottery',2654),(10500,'Pottery',2655),(10512,'Pottery',2655),(10500,'Pottery',2656),(10512,'Pottery',2656),(10300,'Pottery',2658),(10400,'Pottery',2658),(10500,'Pottery',2659),(10512,'Pottery',2659),(10500,'Pottery',2660),(10511,'Pottery',2660),(10400,'Pottery',2661),(10500,'Pottery',2661),(10511,'Pottery',2661),(10500,'Pottery',2662),(10512,'Pottery',2662),(10500,'Pottery',2663),(10513,'Pottery',2663),(10514,'Pottery',2663),(10500,'Pottery',2664),(10514,'Pottery',2664),(10600,'Pottery',2665),(10611,'Pottery',2665),(10500,'Pottery',2666),(10514,'Pottery',2666),(10515,'Pottery',2666),(10500,'Pottery',2667),(10512,'Pottery',2667),(10500,'Pottery',2668),(10512,'Pottery',2668),(10500,'Pottery',2669),(10512,'Pottery',2669),(10700,'Pottery',2670),(10500,'Pottery',2671),(10513,'Pottery',2671),(10300,'Pottery',2672),(10400,'Pottery',2672),(10300,'Pottery',2673),(10400,'Pottery',2673),(10500,'Pottery',2674),(10512,'Pottery',2674),(10400,'Pottery',2675),(10500,'Pottery',2675),(10511,'Pottery',2675),(10514,'Pottery',2675),(11000,'Pottery',2675),(10300,'Pottery',2676),(10314,'Pottery',2676),(10400,'Pottery',2676),(10500,'Pottery',2676),(10511,'Pottery',2676),(10513,'Pottery',2676),(10514,'Pottery',2676),(10900,'Pottery',2676),(11000,'Pottery',2676),(10500,'Pottery',2679),(10514,'Pottery',2679),(10400,'Pottery',2680),(10500,'Pottery',2681),(10513,'Pottery',2681),(10500,'Pottery',2682),(10512,'Pottery',2682),(10500,'Pottery',2683),(10512,'Pottery',2683),(10600,'Pottery',2684),(10500,'Pottery',2685),(10511,'Pottery',2685),(10500,'Pottery',2686),(10513,'Pottery',2686),(10514,'Pottery',2686),(10500,'Pottery',2687),(10514,'Pottery',2687),(10500,'Pottery',2688),(10512,'Pottery',2688),(10400,'Pottery',2689),(10500,'Pottery',2690),(10512,'Pottery',2690),(10500,'Pottery',2691),(10513,'Pottery',2691),(10400,'Pottery',2693),(10500,'Pottery',2693),(10512,'Pottery',2693),(10400,'Pottery',2694),(10500,'Pottery',2695),(10512,'Pottery',2695),(10400,'Pottery',2697),(10500,'Pottery',2697),(10512,'Pottery',2697),(10500,'Pottery',2698),(10512,'Pottery',2698),(10300,'Pottery',2699),(10400,'Pottery',2699),(10300,'Pottery',2700),(10300,'Pottery',2701),(10300,'Pottery',2703),(10300,'Pottery',2704),(10400,'Pottery',2705),(10400,'Pottery',2706),(10400,'Pottery',2707),(10400,'Pottery',2708),(10400,'Pottery',2709),(10400,'Pottery',2710),(10400,'Pottery',2711),(10400,'Pottery',2712),(10500,'Pottery',2725),(10512,'Pottery',2725),(10600,'Pottery',2725),(10800,'Pottery',2725),(10900,'Pottery',2725),(11000,'Pottery',2725),(11300,'Pottery',2725),(11400,'Pottery',2725),(10500,'Pottery',2726),(10513,'Pottery',2726),(10514,'Pottery',2726),(10900,'Pottery',2726),(11000,'Pottery',2726),(11400,'Pottery',2726),(10900,'Pottery',2727),(11000,'Pottery',2727),(10900,'Pottery',2728),(11000,'Pottery',2728),(10900,'Pottery',2729),(11000,'Pottery',2729),(10900,'Pottery',2730),(11000,'Pottery',2730),(10900,'Pottery',2731),(11000,'Pottery',2731),(10900,'Pottery',2732),(10500,'Pottery',2733),(10511,'Pottery',2733),(10512,'Pottery',2733),(10513,'Pottery',2733),(10514,'Pottery',2733),(10700,'Pottery',2733),(10900,'Pottery',2733),(11000,'Pottery',2733),(10400,'Pottery',2734),(10500,'Pottery',2734),(10511,'Pottery',2734),(10517,'Pottery',2734),(10523,'Pottery',2734),(10600,'Pottery',2734),(10612,'Pottery',2734),(10900,'Pottery',2734),(11000,'Pottery',2734),(10300,'Pottery',2736),(10314,'Pottery',2736),(10400,'Pottery',2736),(10500,'Pottery',2736),(10511,'Pottery',2736),(10512,'Pottery',2736),(10514,'Pottery',2736),(10300,'Pottery',2737),(10314,'Pottery',2737),(10500,'Pottery',2737),(10511,'Pottery',2737),(10512,'Pottery',2737),(10514,'Pottery',2737),(10517,'Pottery',2737),(10400,'Pottery',2738),(10500,'Pottery',2738),(10511,'Pottery',2738),(10512,'Pottery',2738),(10514,'Pottery',2738),(10600,'Pottery',2738),(10622,'Pottery',2738),(10400,'Pottery',2739),(10500,'Pottery',2739),(10511,'Pottery',2739),(10514,'Pottery',2739),(10900,'Pottery',2739),(11000,'Pottery',2739),(10300,'Pottery',2740),(10314,'Pottery',2740),(10500,'Pottery',2740),(10512,'Pottery',2740),(10513,'Pottery',2740),(10514,'Pottery',2740),(10517,'Pottery',2740),(10500,'Pottery',2743),(10516,'Pottery',2743),(10500,'Pottery',2744),(10517,'Pottery',2744),(10522,'Pottery',2744),(10500,'Pottery',2745),(10517,'Pottery',2745),(10522,'Pottery',2745),(10500,'Pottery',2770),(10517,'Pottery',2770),(10500,'Pottery',2771),(10517,'Pottery',2771),(10500,'Pottery',2819),(10511,'Pottery',2819),(10400,'Pottery',2821),(10500,'Pottery',2821),(10511,'Pottery',2821),(10513,'Pottery',2821),(10514,'Pottery',2821),(10400,'Pottery',2822),(10500,'Pottery',2822),(10511,'Pottery',2822),(11200,'Pottery',2822),(10400,'Pottery',2823),(10400,'Pottery',2824),(10500,'Pottery',2824),(10511,'Pottery',2824),(10500,'Pottery',2825),(10511,'Pottery',2825),(10700,'Pottery',2825),(10500,'Pottery',2826),(10511,'Pottery',2826),(10400,'Pottery',2827),(10500,'Pottery',2827),(10511,'Pottery',2827),(10500,'Pottery',2828),(10511,'Pottery',2828),(10500,'Pottery',2829),(10511,'Pottery',2829),(10500,'Pottery',2830),(10511,'Pottery',2830),(10400,'Pottery',2840),(10500,'Pottery',2840),(10511,'Pottery',2840),(10300,'Stone',4),(10400,'Stone',4),(10500,'Stone',45),(10512,'Stone',45),(10400,'Stone',112),(10400,'Stone',127),(10400,'Stone',132),(10500,'Stone',145),(10512,'Stone',145),(10500,'Stone',156),(10512,'Stone',156),(10300,'Stone',164),(10400,'Stone',164),(10300,'Stone',182),(10400,'Stone',182),(10300,'Stone',189),(10400,'Stone',189),(10400,'Stone',192),(10300,'Stone',225),(10400,'Stone',225),(10300,'Stone',234),(10400,'Stone',234),(10300,'Stone',247),(10400,'Stone',247),(10300,'Stone',262),(10400,'Stone',262),(10300,'Stone',299),(10400,'Stone',299),(10300,'Stone',309),(10400,'Stone',309),(10300,'Stone',332),(10400,'Stone',332),(10300,'Stone',333),(10400,'Stone',333),(10300,'Stone',370),(10400,'Stone',370),(10300,'Stone',376),(10400,'Stone',376),(10300,'Stone',418),(10400,'Stone',418),(10300,'Stone',429),(10400,'Stone',429),(10300,'Stone',430),(10400,'Stone',430),(10300,'Stone',443),(10400,'Stone',443),(10300,'Stone',445),(10400,'Stone',445),(10300,'Stone',446),(10400,'Stone',446),(10300,'Stone',452),(10400,'Stone',452),(10300,'Stone',453),(10400,'Stone',453),(10300,'Stone',454),(10400,'Stone',454),(10300,'Stone',455),(10400,'Stone',455),(10300,'Stone',456),(10400,'Stone',456),(10300,'Stone',457),(10400,'Stone',457),(10300,'Stone',470),(10400,'Stone',470),(10300,'Stone',471),(10400,'Stone',471),(10300,'Stone',475),(10400,'Stone',475),(10300,'Stone',476),(10400,'Stone',476),(10300,'Stone',483),(10400,'Stone',483),(10300,'Stone',484),(10400,'Stone',484),(10300,'Stone',485),(10400,'Stone',485),(10300,'Stone',486),(10400,'Stone',486),(10300,'Stone',495),(10400,'Stone',495),(10300,'Stone',497),(10400,'Stone',497),(10300,'Stone',500),(10400,'Stone',500),(10300,'Stone',506),(10400,'Stone',506),(10300,'Stone',513),(10400,'Stone',513),(10300,'Stone',515),(10400,'Stone',515),(10300,'Stone',516),(10400,'Stone',516),(10300,'Stone',518),(10400,'Stone',518),(10300,'Stone',520),(10400,'Stone',520),(10300,'Stone',525),(10400,'Stone',525),(10300,'Stone',554),(10400,'Stone',554),(10300,'Stone',559),(10400,'Stone',559),(10300,'Stone',560),(10400,'Stone',560),(10300,'Stone',564),(10400,'Stone',564),(10300,'Stone',574),(10400,'Stone',574),(10300,'Stone',575),(10400,'Stone',575),(10300,'Stone',576),(10400,'Stone',576),(10300,'Stone',588),(10400,'Stone',588),(10300,'Stone',589),(10400,'Stone',589),(10300,'Stone',590),(10400,'Stone',590),(10300,'Stone',591),(10400,'Stone',591),(10300,'Stone',595),(10400,'Stone',595),(10300,'Stone',597),(10400,'Stone',597),(10300,'Stone',604),(10400,'Stone',604),(10300,'Stone',612),(10400,'Stone',612),(10300,'Stone',615),(10400,'Stone',615),(10300,'Stone',617),(10400,'Stone',617),(10300,'Stone',621),(10400,'Stone',621),(10300,'Stone',622),(10400,'Stone',622),(10300,'Stone',624),(10400,'Stone',624),(10300,'Stone',625),(10400,'Stone',625),(10300,'Stone',628),(10400,'Stone',628),(10300,'Stone',633),(10400,'Stone',633),(10300,'Stone',636),(10400,'Stone',636),(10300,'Stone',641),(10400,'Stone',641),(10300,'Stone',643),(10400,'Stone',643),(10300,'Stone',645),(10400,'Stone',645),(10300,'Stone',646),(10400,'Stone',646),(10300,'Stone',649),(10400,'Stone',649),(10300,'Stone',653),(10400,'Stone',653),(10300,'Stone',654),(10400,'Stone',654),(10300,'Stone',655),(10400,'Stone',655),(10300,'Stone',658),(10400,'Stone',658),(10300,'Stone',664),(10400,'Stone',664),(10300,'Stone',665),(10400,'Stone',665),(10300,'Stone',666),(10400,'Stone',666),(10300,'Stone',669),(10400,'Stone',669),(10300,'Stone',673),(10400,'Stone',673),(10300,'Stone',681),(10400,'Stone',681),(10300,'Stone',683),(10400,'Stone',683),(10300,'Stone',685),(10400,'Stone',685),(10300,'Stone',693),(10400,'Stone',693),(10300,'Stone',696),(10400,'Stone',696),(10500,'Stone',1018),(10517,'Stone',1018),(10500,'Stone',1019),(10517,'Stone',1019),(10400,'Stone',1024),(10400,'Stone',1059),(10500,'Stone',1170),(10512,'Stone',1170),(10400,'Stone',1231),(10400,'Stone',1417),(10500,'Stone',1418),(10512,'Stone',1418),(10400,'Stone',1508),(10300,'Stone',1570),(10400,'Stone',1570),(10300,'Stone',1636),(10400,'Stone',1636),(10300,'Stone',1637),(10400,'Stone',1637),(10400,'Stone',1752),(10400,'Stone',1754),(10300,'Stone',1974),(10400,'Stone',1974),(10300,'Stone',1975),(10400,'Stone',1975),(10300,'Stone',1976),(10400,'Stone',1976),(10300,'Stone',1977),(10400,'Stone',1977),(10300,'Stone',1978),(10400,'Stone',1978),(10500,'Stone',2257),(10512,'Stone',2257),(10500,'Stone',2326),(10517,'Stone',2326),(10500,'Stone',2327),(10519,'Stone',2327),(10500,'Stone',2328),(10519,'Stone',2328),(10500,'Stone',2329),(10519,'Stone',2329),(10500,'Stone',2340),(10516,'Stone',2340),(10500,'Stone',2341),(10517,'Stone',2341);
