INSERT INTO `stone_materials` (`id`, `name`) VALUES
(1,'Unassigned'),
(2,'Basalt-vesicular'),
(3,'Basalt-dense'),
(4,'Scoria'),
(5,'Pumice'),
(6,'Limestone'),
(7,'Chalk'),
(8,'Flint or Chert'),
(9,'Sandstone'),
(10,'Granite'),
(11,'amethyst'),
(12,'Steatite'),
(100,'unknown');

INSERT INTO `stone_base_types` (`id`, `name`) VALUES
(1,'Unassigned'),
(2,'Passive'),
(3,'Active (handheld)'),
(4,'Indeterminate Slab or Upper Grinding Stone'),
(5,'Vessel'),
(6,'Non-Processor'),
(7,'Tbd');

INSERT INTO `tag_types` (`str_id`, `name_major`, `name_minor`, `display_name`, `multiple`, `order_column`, `dependency`) VALUES 
('Stone:Life-Stage','Stone','Life-Stage','Life Stage',1,10,NULL),
('Stone:Morphology','Stone','Morphology','Morphology',1,11,NULL),
('Stone:Production','Stone','Production','Production',1,13,NULL),
('Stone:Profile','Stone','Profile','Profile',1,12,NULL),
('Stone:Type-Active','Stone','Type-Active','Active Subtype',1,2,
    '{"source": "Me", "field_name": "base_type_id", "param_name": "Active (handheld)", "id": "3"}'),
('Stone:Type-Non-Processor','Stone','Type-Non-Processor','Non-Processor Subtype',1,3,
    '{"source": "Me", "field_name": "base_type_id", "param_name": "Non-Processor", "id": "6"}'),
('Stone:Type-Passive','Stone','Type-Passive','Passive Subtype',1,1,
    '{"source": "Me", "field_name": "base_type_id", "param_name": "Passive", "id": "2"}'),
('Stone:Use-Wear','Stone','Use-Wear','Use Wear',1,14,NULL),
('Stone:Vessel-Base','Stone','Base','Vessel Base',1,6,
    '{"source": "Me", "field_name": "base_type_id", "param_name": "Vessel", "id": "5"}'),
('Stone:Vessel-Rim','Stone','Rim','Vessel Rim',1,4,
    '{"source": "Me", "field_name": "base_type_id", "param_name": "Vessel", "id": "5"}'),
('Stone:Vessel-Wall','Stone','Wall','Vessel Wall',1,5,
    '{"source": "Me", "field_name": "base_type_id", "param_name": "Vessel", "id": "5"}');


INSERT INTO `tags` (`id`, `type`, `tag_type_id`, `order_column`, `name`, `slug`, `created_at`, `updated_at`) VALUES
(15,'Stone:Life-Stage',NULL,1,'{"en": "Unused"}','{"en": "unused"}',NULL,NULL),
(16,'Stone:Life-Stage',NULL,2,'{"en": "Blank"}','{"en": "blank"}',NULL,NULL),
(17,'Stone:Life-Stage',NULL,3,'{"en": "Preform"}','{"en": "preform"}',NULL,NULL),
(18,'Stone:Life-Stage',NULL,4,'{"en": "Debitage"}','{"en": "debitage"}',NULL,NULL),
(19,'Stone:Life-Stage',NULL,5,'{"en": "Unfinished"}','{"en": "unfinished"}',NULL,NULL),
(20,'Stone:Life-Stage',NULL,6,'{"en": "Intentional breakage"}','{"en": "intentional-breakage"}',NULL,NULL),
(21,'Stone:Life-Stage',NULL,7,'{"en": "Fire-cracked"}','{"en": "fire-cracked"}',NULL,NULL),
(22,'Stone:Profile',NULL,1,'{"en": "Concave"}','{"en": "concave"}',NULL,NULL),
(23,'Stone:Profile',NULL,2,'{"en": "Convex"}','{"en": "convex"}',NULL,NULL),
(24,'Stone:Profile',NULL,3,'{"en": "Flat"}','{"en": "flat"}',NULL,NULL),
(25,'Stone:Production',NULL,1,'{"en": "Grinding"}','{"en": "grinding"}',NULL,NULL),
(26,'Stone:Production',NULL,2,'{"en": "Pounding"}','{"en": "pounding"}',NULL,NULL),
(27,'Stone:Production',NULL,3,'{"en": "Flaking"}','{"en": "flaking"}',NULL,NULL),
(28,'Stone:Production',NULL,4,'{"en": "Abrading"}','{"en": "abrading"}',NULL,NULL),
(29,'Stone:Production',NULL,5,'{"en": "Drilling"}','{"en": "drilling"}',NULL,NULL),
(30,'Stone:Production',NULL,6,'{"en": "Cutting"}','{"en": "cutting"}',NULL,NULL),
(31,'Stone:Production',NULL,7,'{"en": "Chiseling"}','{"en": "chiseling"}',NULL,NULL),
(32,'Stone:Production',NULL,8,'{"en": "Polishing"}','{"en": "polishing"}',NULL,NULL),
(33,'Stone:Use-Wear',NULL,1,'{"en": "Grinding"}','{"en": "grinding"}',NULL,NULL),
(34,'Stone:Use-Wear',NULL,2,'{"en": "Pounding"}','{"en": "pounding"}',NULL,NULL),
(35,'Stone:Use-Wear',NULL,3,'{"en": "Flaking"}','{"en": "flaking"}',NULL,NULL),
(36,'Stone:Use-Wear',NULL,4,'{"en": "Abrading"}','{"en": "abrading"}',NULL,NULL),
(37,'Stone:Use-Wear',NULL,5,'{"en": "Drilling"}','{"en": "drilling"}',NULL,NULL),
(38,'Stone:Use-Wear',NULL,6,'{"en": "Residue"}','{"en": "residue"}',NULL,NULL),
(39,'Stone:Use-Wear',NULL,7,'{"en": "Polish"}','{"en": "polish"}',NULL,NULL),
(40,'Stone:Use-Wear',NULL,8,'{"en": "Use-light"}','{"en": "use-light"}',NULL,NULL),
(41,'Stone:Use-Wear',NULL,9,'{"en": "Use-heavy"}','{"en": "use-heavy"}',NULL,NULL),
(42,'Stone:Morphology',NULL,1,'{"en": "Face-single"}','{"en": "face-single"}',NULL,NULL),
(43,'Stone:Morphology',NULL,2,'{"en": "Face-multiple"}','{"en": "face-multiple"}',NULL,NULL),
(44,'Stone:Morphology',NULL,3,'{"en": "Depression"}','{"en": "depression"}',NULL,NULL),
(45,'Stone:Morphology',NULL,4,'{"en": "Incision"}','{"en": "incision"}',NULL,NULL),
(46,'Stone:Morphology',NULL,5,'{"en": "Groove or Notch"}','{"en": "groove-or-notch"}',NULL,NULL),
(47,'Stone:Morphology',NULL,6,'{"en": "Sculpted"}','{"en": "sculpted"}',NULL,NULL),
(48,'Stone:Morphology',NULL,7,'{"en": "Perforation"}','{"en": "perforation"}',NULL,NULL),
(54,'Stone:Type-Passive',NULL,1,'{"en": "Grinding Slab"}','{"en": "grinding-slab"}',NULL,NULL),
(55,'Stone:Type-Passive',NULL,2,'{"en": "Mortar"}','{"en": "mortar"}',NULL,NULL),
(56,'Stone:Type-Passive',NULL,3,'{"en": "Basin"}','{"en": "basin"}',NULL,NULL),
(57,'Stone:Type-Passive',NULL,4,'{"en": "Anvil"}','{"en": "anvil"}',NULL,NULL),
(58,'Stone:Type-Passive',NULL,5,'{"en": "Palette"}','{"en": "palette"}',NULL,NULL),
(59,'Stone:Type-Passive',NULL,6,'{"en": "Grooved Stone"}','{"en": "grooved-stone"}',NULL,NULL),
(60,'Stone:Type-Active',NULL,1,'{"en": "Upper Grinding stone"}','{"en": "upper-grinding-stone"}',NULL,NULL),
(61,'Stone:Type-Active',NULL,2,'{"en": "Pestle"}','{"en": "pestle"}',NULL,NULL),
(62,'Stone:Type-Active',NULL,3,'{"en": "Grinder"}','{"en": "grinder"}',NULL,NULL),
(63,'Stone:Type-Active',NULL,4,'{"en": "Pounder"}','{"en": "pounder"}',NULL,NULL),
(64,'Stone:Type-Active',NULL,5,'{"en": "Abrader"}','{"en": "abrader"}',NULL,NULL),
(65,'Stone:Type-Active',NULL,6,'{"en": "Scraper"}','{"en": "scraper"}',NULL,NULL),
(67,'Stone:Type-Active',NULL,7,'{"en": "Multiple-Use"}','{"en": "multiple-use"}',NULL,NULL),
(68,'Stone:Type-Active',NULL,8,'{"en": "Axe"}','{"en": "axe"}',NULL,NULL),
(69,'Stone:Type-Active',NULL,9,'{"en": "Hoe"}','{"en": "hoe"}',NULL,NULL),
(70,'Stone:Type-Active',NULL,10,'{"en": "Digging Stick Weight"}','{"en": "digging-stick-weight"}',NULL,NULL),

(72,'Stone:Vessel-Rim',NULL,1,'{"en": "Everted"}','{"en": "everted"}',NULL,NULL),
(73,'Stone:Vessel-Rim',NULL,2,'{"en": "Straight"}','{"en": "straight"}',NULL,NULL),
(74,'Stone:Vessel-Rim',NULL,3,'{"en": "Inverted"}','{"en": "inverted"}',NULL,NULL),
(75,'Stone:Vessel-Wall',NULL,1,'{"en": "Convex"}','{"en": "convex"}',NULL,NULL),
(76,'Stone:Vessel-Wall',NULL,2,'{"en": "Straight"}','{"en": "straight"}',NULL,NULL),
(77,'Stone:Vessel-Wall',NULL,3,'{"en": "Splayed"}','{"en": "splayed"}',NULL,NULL),
(78,'Stone:Vessel-Wall',NULL,4,'{"en": "Handle-vertical"}','{"en": "handle-vertical"}',NULL,NULL),
(79,'Stone:Vessel-Wall',NULL,5,'{"en": "Handle-horizontal"}','{"en": "handle-horizontal"}',NULL,NULL),
(80,'Stone:Vessel-Base',NULL,1,'{"en": "Flat"}','{"en": "flat"}',NULL,NULL),
(81,'Stone:Vessel-Base',NULL,2,'{"en": "Rounded"}','{"en": "rounded"}',NULL,NULL),
(82,'Stone:Vessel-Base',NULL,3,'{"en": "Pedestal"}','{"en": "pedestal"}',NULL,NULL),
(83,'Stone:Vessel-Base',NULL,4,'{"en": "Footed"}','{"en": "footed"}',NULL,NULL),
(84,'Stone:Vessel-Base',NULL,5,'{"en": "Fenetsrated"}','{"en": "fenestrated"}',NULL,NULL),
(85,'Stone:Vessel-Base',NULL,6,'{"en": "Ring"}','{"en": "ring"}',NULL,NULL),
(86,'Stone:Vessel-Base',NULL,7,'{"en": "Disc"}','{"en": "disc"}',NULL,NULL),
(87,'Stone:Type-Non-Processor',NULL,1,'{"en": "Architectural"}','{"en": "architectural"}',NULL,NULL),
(88,'Stone:Type-Non-Processor',NULL,2,'{"en": "Socket"}','{"en": "socket"}',NULL,NULL),
(89,'Stone:Type-Non-Processor',NULL,3,'{"en": "Stele"}','{"en": "stele"}',NULL,NULL),
(91,'Stone:Type-Non-Processor',NULL,4,'{"en": "Perforated"}','{"en": "perforated"}',NULL,NULL),
(92,'Stone:Type-Non-Processor',NULL,5,'{"en": "Tessera"}','{"en": "tessera"}',NULL,NULL),
(93,'Stone:Type-Non-Processor',NULL,6,'{"en": "Bead"}','{"en": "bead"}',NULL,NULL),
(94,'Stone:Type-Non-Processor',NULL,7,'{"en": "Figural Art"}','{"en": "figural-art"}',NULL,NULL),
(95,'Stone:Type-Non-Processor',NULL,8,'{"en": "Worked Stone"}','{"en": "worked-stone"}',NULL,NULL),
(96,'Stone:Type-Non-Processor',NULL,9,'{"en": "Manuport"}','{"en": "Manuport"}',NULL,NULL),
(97,'Stone:Type-Non-Processor',NULL,10,'{"en": "Lid"}','{"en": "lid"}',NULL,NULL),
(98,'Stone:Type-Non-Processor',NULL,11,'{"en": "Pebble or Burnisher"}','{"en": "pebble-or-burnisher"}',NULL,NULL),
(100,'Stone:Type-Active',NULL,100,'{"en": "Slingstone"}','{"en": "slingstone"}',NULL,NULL),
(101,'Stone:Vessel-Rim',NULL,101,'{"en": "Exists"}','{"en": "exists"}',NULL,NULL),
(102,'Stone:Vessel-Wall',NULL,102,'{"en": "Exists"}','{"en": "exists"}',NULL,NULL),
(103,'Stone:Vessel-Base',NULL,103,'{"en": "Exists"}','{"en": "exists"}',NULL,NULL),
(104,'Stone:Type-Non-Processor',NULL,98,'{"en": "Scarab"}','{"en": "scarab"}',NULL,NULL);