INSERT INTO `areas` (`id`, `name`, `description`, `notes`) VALUES 
(1,'K','area K','dag a lot'),
(2,'L','area L',NULL),
(3,'M','area M',NULL),
(4,'N','area N',NULL),
(5,'P','area P',NULL),
(6,'Q','area Q',NULL),
(7,'S','areas S',NULL);

INSERT INTO `seasons` (`id`, `season`, `description`, `staff`) VALUES 
(1, 12,'season 2012','2012 staff'),
(2, 13,'season 2013','2013 staff'),
(3, 14,'season 2014','2014 staff'),
(4, 15,'season 2015','2015 staff'),
(5, 16,'season 2016','2016 staff'),
(6, 17,'season 2017','2017 staff'),
(7, 18,'season 2018','2018 staff');


INSERT INTO `areas_seasons` (`id`, `area_id`, `season_id`, `season`, `area`, `tag`, `summary`, `description`, `staff`) VALUES (1,1,1,12,'K','12/K',NULL,'Members of the Jezreel Expedition headed by co-directors Norma Franklin (Zinman Institute of Archaeology, University of Haifa) and Jennie Ebeling (Department of Archaeology and Art History, University of Evansville) conducted an intensive landscape survey of “greater Jezreel” in June 2012. The main goal of the inaugural season was to record surface features in a three square kilometer area to the west, north, and east of Tel Jezreel in order to identify areas for excavation in summer 2013 (Figure 1). The Jezreel team documented more than 360 features, including cisterns, cave tombs, rock-cut tombs, agricultural and industrial installations, terrace and village walls, quarries and more; most of these features had never been systematically recorded before. The results of this survey shed light on the extent of different settlements at Jezreel from late prehistory through to the 20th century CE Palestinian village of Zer’in.\n\nIn preparation for the 2012 season, maps, plans, aerial photographs, and various other unpublished materials relating to the site were collected from sources in Israel, Great Britain, and elsewhere. In February 2012, The Jezreel team commissioned a LiDAR (light detection and ranging) airborne laser scan of ca. 7.5 square kilometers of greater Jezreel from Ofek Aerial Photography, Ltd. The LiDAR scan provided us with accurate locational and height data that enabled the creation of a three-dimensional model of the land surface (Figure 2). The resultant model was examined to identify historic and natural features and georeferenced with aerial photographs (the earliest of which dates to 1918); this provided us with data concerning the landscape before mechanized farming and other modern surface-changing events took place. This is the first time that aerial LiDAR has been used by an archaeological project in Israel.','Senior Field Staff: Deborah Appler, Julye Bidmead, Noga Blockman and Ian Cipin.'),(2,2,1,12,'L','12/L',NULL,NULL,NULL),(3,3,1,12,'M','12/M',NULL,NULL,NULL),(4,4,1,12,'N','12/N',NULL,NULL,NULL),(5,5,1,12,'P','12/P',NULL,NULL,NULL),(6,6,1,12,'Q','12/Q',NULL,NULL,NULL),(7,1,2,13,'K','13/K',NULL,'During the third week of the field season, the Area M team moved down from the tel to Area K, located at the foot of the northern slope just south of the alluvial terrace that extends to ‘Ein Jezreel, in order to expose the remains of an agricultural installation that included a square rock-cut vat and other rock-cut depressions that we discovered during our 2012 survey and labeled 12/K/01.\n\nExcavating a Vat.Excavating a Vat.\nAfter the excavation team cleared the topsoil in an area of approximately 12 square meters, they exposed a rock-cut treading floor measuring approximately 3.20 square meters and two adjacent rock-cut vats each ca. 1.30 meters square and over one meter deep. Surrounding these features are numerous conical rock-cut mortars and a large oval rock-cut vat that is ca. 0.90 meters in diameter. According to visiting expert Dr. David Eitam, the complex appears to date to the Iron Age (possibly 10th-9th c BCE) and may be one of the largest winery installations dating to this period in Israel.\n\nProtrusion.Basalt Protrusion in Vat.\nAlso of interest in Area K are visible basalt ‘protrusions’ that marked the geological transition from the limestone of the natural hill of Jezreel to the basalt flow that lies under the terrace and is exposed above the spring. One of the square rock-cut vats features an example of this phenomenon. It appears that those who carved the vat out of the limestone bedrock hit a large basalt boulder and, unable to remove it, cut around it and thus incorporated it within the vat. Other attempts to cut around protruding basalt boulders were seen in other parts of the winery. Excavations will continue in this area in future seasons as we seek to expose the entire winery and some of the quarrying areas that surround it. Although the latest use of the winery cannot yet be determined, evidence of quarrying in later periods can be seen along the southern edge of the treading floor.','Senior Field Staff: Deborah Appler, Julye Bidmead, Noga Blockman, Ian Cipin, and Philippe Guillaume.\nRegistrars: Judith Hadley and Kelly Goodner.\nTechnology Specialists: Peter Ostrin and Matthew Bradley.\nPrehistory Specialist: Estelle Orrelle.\nSquare Supervisors: Nate Biondi, Geoffrey Cowling, Katherine Crawford, Michael Koletsos, Marilyn Love, Arthur Stefanski, and Hilda Torres.'),(8,3,2,13,'M','13/M',NULL,NULL,NULL),(9,5,2,13,'P','13/P',NULL,NULL,NULL),(10,7,2,13,'S','13/S',NULL,NULL,NULL),(11,1,3,14,'K','14/K',NULL,NULL,NULL),(12,5,3,14,'P','14/P',NULL,NULL,NULL),(13,7,3,14,'S','14/S',NULL,NULL,NULL),(14,1,4,15,'K','15/K',NULL,NULL,NULL),(15,7,4,15,'S','15/S',NULL,NULL,NULL),(16,2,5,16,'L','16/L',NULL,'Philippe Trench',NULL),(17,6,5,16,'Q','16/Q',NULL,'Philippe\"s olive press area',NULL),(18,7,5,16,'S','16/S',NULL,'Area S',NULL),(19,7,6,17,'S','17/S',NULL,NULL,NULL),(20,7,7,18,'S','18/S',NULL,'Area S',NULL);
