INSERT INTO `stone_base_types` (`id`, `name`) VALUES
(1,'Unassigned'),
(2,'Passive'),
(3,'Active (handheld)'),
(4,'Indeterminate Slab or Upper Grinding Stone'),
(5,'Vessel'),
(6,'Non-Processor'),
(7,'Tbd');

INSERT INTO `stone_materials` (`id`, `name`) VALUES
(1,'Unassigned'),
(2,'Basalt-vesicular'),
(3,'Basalt-dense'),
(4,'Scoria'),
(5,'Pumice'),
(6,'Limestone'),
(7,'Chalk'),
(8,'Flint or Chert'),
(9,'Sandstone'),
(10,'Granite'),
(11,'amethyst'),
(12,'Steatite'),
(100,'unknown');

INSERT INTO `tag_types` (`str_id`, `name_major`, `name_minor`, `display_name`, `multiple`, `order_column`, `dependency`) VALUES 
('Stone:Life-Stage','Stone','Life-Stage','Life Stage',1,10,NULL),
('Stone:Morphology','Stone','Morphology','Morphology',1,11,NULL),
('Stone:Production','Stone','Production','Production',1,13,NULL),
('Stone:Profile','Stone','Profile','Profile',1,12,NULL),
('Stone:Type-Active','Stone','Type-Active','Active Subtype',1,2,'{"source": "Me", "field_name": "base_type_id", "param_name": "Active (handheld)"}'),
('Stone:Type-Non-Processor','Stone','Type-Non-Processor','Non-Processor Subtype',1,3,'{"source": "Me", "field_name": "base_type_id", "param_name": "Non-Processor"}'),
('Stone:Type-Passive','Stone','Type-Passive','Passive Subtype',1,1,'{"source": "Me", "field_name": "base_type_id", "param_name": "Passive"}'),
('Stone:Use-Wear','Stone','Use-Wear','Use Wear',1,14,NULL),
('Stone:Vessel-Base','Stone','Base','Vessel Base',1,6,'{"source": "Me", "field_name": "base_type_id", "param_name": "Vessel"}'),
('Stone:Vessel-Rim','Stone','Rim','Vessel Rim',1,4,'{"source": "Me", "field_name": "base_type_id", "param_name": "Vessel"}'),
('Stone:Vessel-Wall','Stone','Wall','Vessel Wall',1,5,'{"source": "Me", "field_name": "base_type_id", "param_name": "Vessel"}');


INSERT INTO `tags` (`id`, `name`, `slug`, `type`, `order_column`, `created_at`, `updated_at`) VALUES
(15,'{"en": "Unused"}','{"en": "unused"}','Stone:Life-Stage',15,NULL,NULL),
(16,'{"en": "Blank"}','{"en": "blank"}','Stone:Life-Stage',16,NULL,NULL),
(17,'{"en": "Preform"}','{"en": "preform"}','Stone:Life-Stage',17,NULL,NULL),
(18,'{"en": "Debitage"}','{"en": "debitage"}','Stone:Life-Stage',18,NULL,NULL),
(19,'{"en": "Unfinished"}','{"en": "unfinished"}','Stone:Life-Stage',19,NULL,NULL),
(20,'{"en": "Intentional breakage"}','{"en": "intentional-breakage"}','Stone:Life-Stage',20,NULL,NULL),
(21,'{"en": "Fire-cracked"}','{"en": "fire-cracked"}','Stone:Life-Stage',21,NULL,NULL),
(22,'{"en": "Concave"}','{"en": "concave"}','Stone:Profile',22,NULL,NULL),
(23,'{"en": "Convex"}','{"en": "convex"}','Stone:Profile',23,NULL,NULL),
(24,'{"en": "Flat"}','{"en": "flat"}','Stone:Profile',24,NULL,NULL),
(25,'{"en": "Grinding"}','{"en": "grinding"}','Stone:Production',25,NULL,NULL),
(26,'{"en": "Pounding"}','{"en": "pounding"}','Stone:Production',26,NULL,NULL),
(27,'{"en": "Flaking"}','{"en": "flaking"}','Stone:Production',27,NULL,NULL),
(28,'{"en": "Abrading"}','{"en": "abrading"}','Stone:Production',28,NULL,NULL),
(29,'{"en": "Drilling"}','{"en": "drilling"}','Stone:Production',29,NULL,NULL),
(30,'{"en": "Cutting"}','{"en": "cutting"}','Stone:Production',30,NULL,NULL),
(31,'{"en": "Chiseling"}','{"en": "chiseling"}','Stone:Production',31,NULL,NULL),
(32,'{"en": "Polishing"}','{"en": "polishing"}','Stone:Production',32,NULL,NULL),
(33,'{"en": "Grinding"}','{"en": "grinding"}','Stone:Use-Wear',33,NULL,NULL),
(34,'{"en": "Pounding"}','{"en": "pounding"}','Stone:Use-Wear',34,NULL,NULL),
(35,'{"en": "Flaking"}','{"en": "flaking"}','Stone:Use-Wear',35,NULL,NULL),
(36,'{"en": "Abrading"}','{"en": "abrading"}','Stone:Use-Wear',36,NULL,NULL),
(37,'{"en": "Drilling"}','{"en": "drilling"}','Stone:Use-Wear',37,NULL,NULL),
(38,'{"en": "Residue"}','{"en": "residue"}','Stone:Use-Wear',38,NULL,NULL),
(39,'{"en": "Polish"}','{"en": "polish"}','Stone:Use-Wear',39,NULL,NULL),
(40,'{"en": "Use-light"}','{"en": "use-light"}','Stone:Use-Wear',40,NULL,NULL),
(41,'{"en": "Use-heavy"}','{"en": "use-heavy"}','Stone:Use-Wear',41,NULL,NULL),
(42,'{"en": "Face-single"}','{"en": "face-single"}','Stone:Morphology',42,NULL,NULL),
(43,'{"en": "Face-multiple"}','{"en": "face-multiple"}','Stone:Morphology',43,NULL,NULL),
(44,'{"en": "Depression"}','{"en": "depression"}','Stone:Morphology',44,NULL,NULL),
(45,'{"en": "Incision"}','{"en": "incision"}','Stone:Morphology',45,NULL,NULL),
(46,'{"en": "Groove or Notch"}','{"en": "groove-or-notch"}','Stone:Morphology',46,NULL,NULL),
(47,'{"en": "Sculpted"}','{"en": "sculpted"}','Stone:Morphology',47,NULL,NULL),
(48,'{"en": "Perforation"}','{"en": "perforation"}','Stone:Morphology',48,NULL,NULL),
(54,'{"en": "Grinding Slab"}','{"en": "grinding-slab"}','Stone:Type-Passive',54,NULL,NULL),
(55,'{"en": "Mortar"}','{"en": "mortar"}','Stone:Type-Passive',55,NULL,NULL),
(56,'{"en": "Basin"}','{"en": "basin"}','Stone:Type-Passive',56,NULL,NULL),
(57,'{"en": "Anvil"}','{"en": "anvil"}','Stone:Type-Passive',57,NULL,NULL),
(58,'{"en": "Palette"}','{"en": "palette"}','Stone:Type-Passive',58,NULL,NULL),
(59,'{"en": "Grooved Stone"}','{"en": "grooved-stone"}','Stone:Type-Passive',59,NULL,NULL),
(60,'{"en": "Upper Grinding stone"}','{"en": "upper-grinding-stone"}','Stone:Type-Active',60,NULL,NULL),
(61,'{"en": "Pestle"}','{"en": "pestle"}','Stone:Type-Active',61,NULL,NULL),
(62,'{"en": "Grinder"}','{"en": "grinder"}','Stone:Type-Active',62,NULL,NULL),
(63,'{"en": "Pounder"}','{"en": "pounder"}','Stone:Type-Active',63,NULL,NULL),
(64,'{"en": "Abrader"}','{"en": "abrader"}','Stone:Type-Active',64,NULL,NULL),
(65,'{"en": "Scraper"}','{"en": "scraper"}','Stone:Type-Active',65,NULL,NULL),
(67,'{"en": "Multiple-Use"}','{"en": "multiple-use"}','Stone:Type-Active',67,NULL,NULL),
(68,'{"en": "Axe"}','{"en": "axe"}','Stone:Type-Active',68,NULL,NULL),
(69,'{"en": "Hoe"}','{"en": "hoe"}','Stone:Type-Active',69,NULL,NULL),
(70,'{"en": "Digging Stick Weight"}','{"en": "digging-stick-weight"}','Stone:Type-Active',70,NULL,NULL),
(72,'{"en": "Everted"}','{"en": "everted"}','Stone:Vessel-Rim',72,NULL,NULL),
(73,'{"en": "Straight"}','{"en": "straight"}','Stone:Vessel-Rim',73,NULL,NULL),
(74,'{"en": "Inverted"}','{"en": "inverted"}','Stone:Vessel-Rim',74,NULL,NULL),
(75,'{"en": "Convex"}','{"en": "convex"}','Stone:Vessel-Wall',75,NULL,NULL),
(76,'{"en": "Straight"}','{"en": "straight"}','Stone:Vessel-Wall',76,NULL,NULL),
(77,'{"en": "Splayed"}','{"en": "splayed"}','Stone:Vessel-Wall',77,NULL,NULL),
(78,'{"en": "Handle-vertical"}','{"en": "handle-vertical"}','Stone:Vessel-Wall',78,NULL,NULL),
(79,'{"en": "Handle-horizontal"}','{"en": "handle-horizontal"}','Stone:Vessel-Wall',79,NULL,NULL),
(80,'{"en": "Flat"}','{"en": "flat"}','Stone:Vessel-Base',80,NULL,NULL),
(81,'{"en": "Rounded"}','{"en": "rounded"}','Stone:Vessel-Base',81,NULL,NULL),
(82,'{"en": "Pedestal"}','{"en": "pedestal"}','Stone:Vessel-Base',82,NULL,NULL),
(83,'{"en": "Footed"}','{"en": "footed"}','Stone:Vessel-Base',83,NULL,NULL),
(84,'{"en": "Fenetsrated"}','{"en": "fenestrated"}','Stone:Vessel-Base',84,NULL,NULL),
(85,'{"en": "Ring"}','{"en": "ring"}','Stone:Vessel-Base',85,NULL,NULL),
(86,'{"en": "Disc"}','{"en": "disc"}','Stone:Vessel-Base',86,NULL,NULL),
(87,'{"en": "Architectural"}','{"en": "architectural"}','Stone:Type-Non-Processor',87,NULL,NULL),
(88,'{"en": "Socket"}','{"en": "socket"}','Stone:Type-Non-Processor',88,NULL,NULL),
(89,'{"en": "Stele"}','{"en": "stele"}','Stone:Type-Non-Processor',89,NULL,NULL),
(91,'{"en": "Perforated"}','{"en": "perforated"}','Stone:Type-Non-Processor',91,NULL,NULL),
(92,'{"en": "Tessera"}','{"en": "tessera"}','Stone:Type-Non-Processor',92,NULL,NULL),
(93,'{"en": "Bead"}','{"en": "bead"}','Stone:Type-Non-Processor',93,NULL,NULL),
(94,'{"en": "Figural Art"}','{"en": "figural-art"}','Stone:Type-Non-Processor',94,NULL,NULL),
(95,'{"en": "Worked Stone"}','{"en": "worked-stone"}','Stone:Type-Non-Processor',95,NULL,NULL),
(96,'{"en": "Manuport"}','{"en": "Manuport"}','Stone:Type-Non-Processor',96,NULL,NULL),
(97,'{"en": "Lid"}','{"en": "lid"}','Stone:Type-Non-Processor',97,NULL,NULL),
(98,'{"en": "Pebble or Burnisher"}','{"en": "pebble-or-burnisher"}','Stone:Type-Non-Processor',98,NULL,NULL),
(100,'{"en": "Slingstone"}','{"en": "slingstone"}','Stone:Type-Active',100,NULL,NULL),
(101,'{"en": "Exists"}','{"en": "exists"}','Stone:Vessel-Rim',101,NULL,NULL),
(102,'{"en": "Exists"}','{"en": "exists"}','Stone:Vessel-Wall',102,NULL,NULL),
(103,'{"en": "Exists"}','{"en": "exists"}','Stone:Vessel-Base',103,NULL,NULL),
(104,'{"en": "Scarab"}','{"en": "scarab"}','Stone:Type-Non-Processor',98,NULL,NULL);